"docid","page","tableType"
"9848888","1","baseline_table"
"9841303","1","baseline_table"
"9164316","1","baseline_table"
"29431256","1","baseline_table"
"29429593 & Supplementary Append","1","baseline_table"
"29413502","1","baseline_table"
"29406853","1","baseline_table"
"29338762","1","baseline_table"
"29307087","1","baseline_table"
"29299340","1","baseline_table"
"29263150","1","baseline_table"
"29151034","1","baseline_table"
"28904068","1","baseline_table"
"29146124","1","baseline_table"
"29143919","1","baseline_table"
"29143919","2","baseline_table"
"29132880","1","baseline_table"
"29132879","1","baseline_table"
"29103664","1","baseline_table"
"29084736","1","baseline_table"
"29073947","1","baseline_table"
"29028981 & Supplementary Append","1","baseline_table"
"27744141","1","baseline_table"
"28975241","1","baseline_table"
"28948656","1","baseline_table"
"28921862","1","baseline_table"
"28921862","2","baseline_table"
"28910237","1","baseline_table"
"28903864 & Supplementary Append","1","baseline_table"
"28902593 & Supplementary Append","1","baseline_table"
"28893134","1","baseline_table"
"28893134","2","baseline_table"
"28854085","1","baseline_table"
"28847206","1","baseline_table"
"28844990","1","baseline_table"
"28844192","1","baseline_table"
"28720132 & Supplementary Append","1","baseline_table"
"28666775","1","baseline_table"
"28636754","1","baseline_table"
"28636754","2","baseline_table"
"28558833","1","baseline_table"
"28473423","1","baseline_table"
"28467869 & Supplementary Append","1","baseline_table"
"28215362 & Supplementary Append","1","baseline_table"
"28416587","1","baseline_table"
"28405473 & Supplementary Append","1","baseline_table"
"28402745","1","baseline_table"
"28385353 & Supplementary Append","1","baseline_table"
"28316279 & Supplamentary Append","1","baseline_table"
"28316279 & Supplamentary Append","2","baseline_table"
"28278391","3","baseline_table"
"28263812","1","baseline_table"
"28246237","1","baseline_table"
"28237263","1","baseline_table"
"28231942","1","baseline_table"
"28231942","3","baseline_table"
"28153828 & Supplementary Append","1","baseline_table"
"28118533","1","baseline_table"
"28035868","1","baseline_table"
"27993292 & Supplementary Append","1","baseline_table"
"27965257 & Supplementary Append","1","baseline_table"
"27956003","1","baseline_table"
"27846344","1","baseline_table"
"27846344","2","baseline_table"
"27842179","1","baseline_table"
"27765312","1","baseline_table"
"27715335","1","baseline_table"
"27708114","1","baseline_table"
"27689735 & Supplementary Append","1","baseline_table"
"27684308","1","baseline_table"
"27659566","1","baseline_table"
"27647847","1","baseline_table"
"27619750","1","baseline_table"
"27609406 & Supplementary Append","1","baseline_table"
"27581531 & Supplementary Append","1","baseline_table"
"27576775 & Supplementary Append","1","baseline_table"
"27502307","1","baseline_table"
"27493790","1","baseline_table"
"27484756","1","baseline_table"
"27465265","1","baseline_table"
"27437883","1","baseline_table"
"27395349","1","baseline_table"
"27354044","1","baseline_table"
"27335114 & Supplementary Append","1","baseline_table"
"27316465","1","baseline_table"
"27313282","1","baseline_table"
"27295427","1","baseline_table"
"27215502 & Supplementary Append","1","baseline_table"
"27181606","1","baseline_table"
"27165179 & Supplementary Append","1","baseline_table"
"27046162","1","baseline_table"
"27046160","1","baseline_table"
"27046159 & Supplementary Append","1","baseline_table"
"27043082","1","baseline_table"
"27033025","1","baseline_table"
"27028914 & Supplementary Append","1","baseline_table"
"26886418","1","baseline_table"
"26762525","1","baseline_table"
"26762481","1","baseline_table"
"26747037","1","baseline_table"
"26747037","2","baseline_table"
"26747037","3","baseline_table"
"26704701","1","baseline_table"
"26699168","1","baseline_table"
"26704701","2","result_table_subgroup"
"26653621","1","baseline_table"
"26627989","1","baseline_table"
"26586780","1","baseline_table"
"26580237","1","baseline_table"
"26547918","1","baseline_table"
"26524706","1","baseline_table"
"26523993","1","baseline_table"
"26491109","1","baseline_table"
"26422723","1","baseline_table"
"26422723","2","baseline_table"
"26400827","2","baseline_table"
"26378978","1","baseline_table"
"25698905","1","baseline_table"
"26358285","1","baseline_table"
"26338971","1","baseline_table"
"26330422","1","baseline_table"
"26321103","1","baseline_table"
"26275429","1","baseline_table"
"26179619","1","baseline_table"
"26151264","1","baseline_table"
"26139005","1","baseline_table"
"26135703","1","baseline_table"
"26132939","1","baseline_table"
"26121561","1","baseline_table"
"26082625","1","baseline_table"
"26082625","2","baseline_table"
"26052984","1","baseline_table"
"25852208","1","baseline_table"
"25792124","1","baseline_table"
"25787199","1","baseline_table"
"25773268","1","baseline_table"
"25758769","1","baseline_table"
"25743173","1","baseline_table"
"25681464","1","baseline_table"
"25670362","1","baseline_table"
"25592197","1","baseline_table"
"25573406","1","baseline_table"
"25552421","4","baseline_table"
"25523533","1","baseline_table"
"25490706","1","baseline_table"
"25475110","1","baseline_table"
"25465416","1","baseline_table"
"25399658","1","baseline_table"
"25399658","2","baseline_table"
"25399274","1","baseline_table"
"23040830","3","baseline_table"
"25367713","1","baseline_table"
"25367713","2","baseline_table"
"25352655","1","baseline_table"
"25352655","4","baseline_table"
"25282519","1","baseline_table"
"27742728","1","baseline_table"
"25248764","1","baseline_table"
"25176136","1","baseline_table"
"25175921 & Supplementary Append","1","baseline_table"
"25161043","1","baseline_table"
"25037988","1","baseline_table"
"25031188","1","baseline_table"
"24898834","1","baseline_table"
"24664227","1","baseline_table"
"24596459","1","baseline_table"
"27609408 & Supplementary Append","1","baseline_table"
"27502582","1","baseline_table"
"26744025","1","baseline_table"
"26541915","1","baseline_table"
"26400827","1","baseline_table"
"26027630","1","baseline_table"
"25277614","1","baseline_table"
"24206457","1","baseline_table"
"24383720","1","baseline_table"
"22747613","1","baseline_table"
"22738922","1","baseline_table"
"21128814 & Supplementary Append","1","baseline_table"
"19201775","1","baseline_table"
"17324131","1","baseline_table"
"24314123","1","baseline_table"
"24253831 & Supplementary Append","2","baseline_table"
"24247616","1","baseline_table"
"24245566","1","baseline_table"
"16351668","1","baseline_table"
"14657064","1","baseline_table"
"29307087","2","result_table_subgroup"
"28386035","1","result_table_subgroup"
"9892586","3","result_table_subgroup"
"25852208","2","result_table_subgroup"
"25670362","2","result_table_subgroup"
"27144849","2","result_table_subgroup"
"24716680","3","result_table_subgroup"
"22913891","2","baseline_table"
"21545947","1","baseline_table"
"21502549","1","baseline_table"
"20678878","2","result_table_subgroup"
"20393175 & Supplementary Append","2","result_table_subgroup"
"19389561","3","result_table_without_subgroup"
"19380329","1","baseline_table"
"18753639","2","result_table_subgroup"
"17804843","1","baseline_table"
"16380589","1","baseline_table"
"15998891","2","result_table_subgroup"
"30590387","3","result_table_subgroup"
"30586757","1","baseline_table"
"30571562","1","baseline_table"
"30474818","2","result_table_without_subgroup"
"30473179","2","other_table"
"30354781","1","baseline_table"
"30336824","1","baseline_table"
"30287422","1","baseline_table"
"30166073","1","baseline_table"
"30026335","2","result_table_subgroup"
"29908670","1","result_table_subgroup"
"29903515","1","baseline_table"
"29766634","1","baseline_table"
"29544870","4","result_table_subgroup"
"29430796","1","baseline_table"
"29228101","2","result_table_subgroup"
"29128192","1","baseline_table"
"28939567","2","result_table_subgroup"
"28924103","1","baseline_table"
"28844508","2","result_table_subgroup"
"28720132","2","result_table_subgroup"
"28467869","1","baseline_table"
"28382371","1","baseline_table"
"28382371","3","result_table_subgroup"
"28279891v2","2","result_table_subgroup"
"28189475","1","baseline_table"
"27993292","1","baseline_table"
"27912982","4","result_table_subgroup"
"27672117","2","result_table_subgroup"
"27639753","2","result_table_subgroup"
"27612281","2","result_table_subgroup"
"27585384","1","baseline_table"
"27289121","1","baseline_table"
"27039126","1","baseline_table"
"26754626","1","baseline_table"
"22740508","1","baseline_table"
"26620248","1","baseline_table"
"26475142","3","result_table_subgroup"
"26179767","1","baseline_table"
"26054553","2","result_table_without_subgroup"
"25769357","3","result_table_subgroup"
"25329038","2","baseline_table"
"25002161","2","result_table_subgroup"
"24966672","1","baseline_table"
"24727254","1","baseline_table"
"24716680","1","baseline_table"
"24120253v3","2","baseline_table"
"23564919","1","baseline_table"
"23529173","1","baseline_table"
"23279632","1","baseline_table"
"24097439","1","baseline_table"
"22509859","1","result_table_subgroup"
"22436129","1","baseline_table"
"22396585","1","baseline_table"
"22077816","1","baseline_table"
"21428765","1","baseline_table"
"21411557","1","baseline_table"
"21059484","2","result_table_subgroup"
"30882238","2","result_table_subgroup"
"30586757","6","result_table_subgroup"
"20228403","1","baseline_table"
"20200926","1","baseline_table"
"20136164","2","result_table_without_subgroup"
"19966341","1","baseline_table"
"19650752","1","baseline_table"
"19596014","1","baseline_table"
"19332455","2","result_table_subgroup"
"18676075","1","baseline_table"
"18600389","1","baseline_table"
"18597830","1","baseline_table"
"17988947","1","baseline_table"
"17384437","1","baseline_table"
"16651474","1","result_table_subgroup"
"16116047","1","baseline_table"
"16053964","1","baseline_table"
"15883637","1","result_table_subgroup"
"12899584","2","result_table_subgroup"
"24156566","1","baseline_table"
"24120253","1","baseline_table"
"23040830","4","baseline_table"
"24076283","1","baseline_table"
"24067881","1","baseline_table"
"24067431","1","baseline_table"
"23964932 & Supplementary Append","1","baseline_table"
"23963895","1","baseline_table"
"23909985","1","baseline_table"
"23733198","1","baseline_table"
"23714653","1","baseline_table"
"23706759","1","baseline_table"
"23656980","1","baseline_table"
"23564916","1","baseline_table"
"23564916","3","result_table_subgroup"
"23500276","1","baseline_table"
"23500237","1","baseline_table"
"23473396","1","baseline_table"
"23473369","1","baseline_table"
"23471469","1","baseline_table"
"23465037","1","baseline_table"
"23339726","1","baseline_table"
"23307827","1","baseline_table"
"23216615","1","baseline_table"
"23129601 & Supplementary Append","1","baseline_table"
"23128104","1","baseline_table"
"23121439 & Summplementary Appen","1","baseline_table"
"23020650","1","baseline_table"
"22932716 & Supplementary Append","1","baseline_table"
"22913893","1","baseline_table"
"22873530 & Supplementary Append","1","baseline_table"
"22738922","2","baseline_table"
"22704916","1","baseline_table"
"22686416","1","baseline_table"
"22686416","3","baseline_table"
"22576673","1","baseline_table"
"22544891","1","baseline_table"
"22504093","1","baseline_table"
"22443427 & Supplementary Append","1","baseline_table"
"22369287","1","baseline_table"
"20620037","2","baseline_table"
"22234149","1","baseline_table"
"22177371","1","baseline_table"
"21816478","1","baseline_table"
"21780946","1","baseline_table"
"21682834","1","baseline_table"
"21673005","1","baseline_table"
"21645018","1","baseline_table"
"21642014","1","baseline_table"
"21642014","2","baseline_table"
"21627828","1","baseline_table"
"21596364","1","baseline_table"
"21474646","1","baseline_table"
"21474646","2","baseline_table"
"21464051","1","baseline_table"
"21332627","1","baseline_table"
"21227674 & Supplementary Append","1","baseline_table"
"21209123","1","baseline_table"
"21174145","1","baseline_table"
"21118495","2","baseline_table"
"21060071","1","baseline_table"
"20925544","1","baseline_table"
"20801500","1","baseline_table"
"20685748","1","baseline_table"
"20621900","1","baseline_table"
"20620037","1","baseline_table"
"15758000","1","baseline_table"
"20606150","2","baseline_table"
"20491747","1","baseline_table"
"20487050","1","baseline_table"
"20463178","1","baseline_table"
"20429821","1","baseline_table"
"20418083","1","baseline_table"
"20393175 & Supplementary Append","1","baseline_table"
"20357382","1","baseline_table"
"20185012","2","baseline_table"
"20151997","1","baseline_table"
"19917888","4","baseline_table"
"19915221","1","baseline_table"
"19850525","1","baseline_table"
"19850248","1","baseline_table"
"19847908","1","baseline_table"
"19751115","1","baseline_table"
"19726772","1","baseline_table"
"19717850","1","baseline_table"
"19716598","1","baseline_table"
"19688336","1","baseline_table"
"19683639","1","baseline_table"
"19447387","1","baseline_table"
"19443528","1","baseline_table"
"19389561","1","baseline_table"
"19369667","1","baseline_table"
"19190658","1","baseline_table"
"19166691","1","baseline_table"
"19139391","1","baseline_table"
"19125778","1","baseline_table"
"19097665","1","baseline_table"
"19026303","2","baseline_table"
"19001508","1","baseline_table"
"18836213","1","baseline_table"
"18835953","1","baseline_table"
"18757090","1","baseline_table"
"18757089","1","baseline_table"
"18753639","1","baseline_table"
"18753638","1","baseline_table"
"18657652","1","baseline_table"
"18615004","1","baseline_table"
"18593517","1","baseline_table"
"18593517","2","baseline_table"
"18537526","1","baseline_table"
"18498915","1","baseline_table"
"18479744","1","baseline_table"
"18451347","1","baseline_table"
"18398080","1","baseline_table"
"18381571","1","baseline_table"
"18381571","2","baseline_table"
"18375982","1","baseline_table"
"18339679","1","baseline_table"
"18326958","1","baseline_table"
"18223031","1","baseline_table"
"12205648","1","baseline_table"
"18199798","1","baseline_table"
"18094675","1","baseline_table"
"17984166","1","baseline_table"
"17765963","1","baseline_table"
"17634459","1","baseline_table"
"17470824","1","baseline_table"
"17470434","1","baseline_table"
"17398308","1","baseline_table"
"17244641","1","baseline_table"
"17145742","1","baseline_table"
"17060377","1","baseline_table"
"17058629","1","baseline_table"
"16905022","1","baseline_table"
"16714187","1","baseline_table"
"16709304","1","baseline_table"
"16572114","1","baseline_table"
"16533938","1","baseline_table"
"16495392","1","baseline_table"
"16214597","1","baseline_table"
"15998890","1","baseline_table"
"15924587","1","baseline_table"
"15781429","1","baseline_table"
"15753114","1","baseline_table"
"15639688","1","baseline_table"
"15590586","1","baseline_table"
"15579515","1","baseline_table"
"14506118","1","baseline_table"
"12813116","1","baseline_table"
"12803733","1","baseline_table"
"12456232","1","baseline_table"
"11442551","1","baseline_table"
"11419425","1","baseline_table"
"9892586","2","baseline_table"
"8121459","2","result_table_subgroup"
"11948888","1","baseline_table"
"29151034","3","result_table_subgroup"
"29145215","1","baseline_table"
"29103664","2","result_table_subgroup"
"28948656","3","NA"
"28910237","2","result_table_subgroup"
"28902593 & Supplementary Append","2","result_table_subgroup"
"28877027 & Supplementary Append","1","baseline_table"
"28854085","2","result_table_subgroup"
"28801539","1","baseline_table"
"28666775","2","result_table_subgroup"
"28605608","1","baseline_table"
"10636365","1","baseline_table"
"28573499","1","baseline_table"
"28573499","2","result_table_subgroup"
"28573499","3","result_table_subgroup"
"28467869 & Supplementary Append","2","baseline_table"
"28467869 & Supplementary Append","3","baseline_table"
"28386990","1","result_table_subgroup"
"28386990","3","result_table_subgroup"
"28386035","2","result_table_subgroup"
"28279891","1","baseline_table"
"28278391","1","baseline_table"
"28278391","2","result_table_subgroup"
"28237263","2","result_table_subgroup"
"28236727","1","baseline_table"
"28236727","2","result_table_subgroup"
"28231942","2","result_table_subgroup"
"27689735 & Supplementary Append","4","baseline_table"
"27576774","1","baseline_table"
"27484756","2","result_table_subgroup"
"26271059","1","baseline_table"
"27448534","1","baseline_table"
"27448534","2","baseline_table"
"27418597 & Supplementary Append","1","baseline_table"
"27335114","1","baseline_table"
"27046159 & Supplementary Append","2","result_table_without_subgroup"
"27033025","2","result_table_subgroup"
"26994121","1","baseline_table"
"26886418","2","result_table_subgroup"
"26792812 & Supplementary Append","1","baseline_table"
"26792812 & Supplementary Append","2","result_table_subgroup"
"26774608","1","baseline_table"
"26774608","2","result_table_subgroup"
"26774608","3","result_table_subgroup"
"26762525","2","result_table_subgroup"
"26762481","2","result_table_subgroup"
"26699168","2","result_table_subgroup"
"26681720","1","baseline_table"
"26400827","3","result_table_subgroup"
"26059896","1","result_table_subgroup"
"25670362","3","result_table_subgroup"
"25657183","1","baseline_table"
"25657183","2","result_table_subgroup"
"25637937","1","baseline_table"
"25637937","2","result_table_subgroup"
"25552421","1","baseline_table"
"25465417","1","baseline_table"
"25465416","2","result_table_subgroup"
"25406305","1","baseline_table"
"25406305","2","result_table_subgroup"
"25248764","2","result_table_subgroup"
"25189213","2","result_table_subgroup"
"25175921 & Supplementary Append","3","result_table_subgroup"
"25135178","1","baseline_table"
"24907147","1","baseline_table"
"24716680","2","baseline_table"
"24281137","1","baseline_table"
"24281137","2","baseline_table"
"24281137","3","result_table_without_subgroup"
"24253831 & Supplementary Append","1","baseline_table"
"24253831 & Supplementary Append","3","result_table_subgroup"
"24247616","3","result_table_subgroup"
"24245566","2","result_table_subgroup"
"24206457","2","result_table_subgroup"
"24184169","1","baseline_table"
"24063830","1","baseline_table"
"24063830","2","baseline_table"
"23810874","1","baseline_table"
"23810874","2","result_table_without_subgroup"
"23473369","2","result_table_subgroup"
"23471469","2","result_table_subgroup"
"23465037","2","result_table_subgroup"
"23110471","2","NA"
"23040830","1","baseline_table"
"22913891","1","baseline_table"
"22913891","3","result_table_subgroup"
"22913891","4","result_table_subgroup"
"22913891","5","result_table_subgroup"
"22913891","6","result_table_subgroup"
"22799613","1","result_table_subgroup"
"22686416","2","result_table_subgroup"
"22573644","1","baseline_table"
"22573644","2","result_table_subgroup"
"22544891","2","result_table_subgroup"
"22305835","1","baseline_table"
"22259009","1","baseline_table"
"22259009","2","result_table_subgroup"
"22248871","1","baseline_table"
"22248871","2","result_table_subgroup"
"22158330","1","other_table"
"21815708","1","result_table_subgroup"
"21815708","2","result_table_subgroup"
"21586508","1","baseline_table"
"21545947","2","result_table_subgroup"
"21502549","2","result_table_subgroup"
"21464051","2","baseline_table"
"21454723","1","NA"
"21454723","2","other_table"
"21428766","1","baseline_table"
"21428766","2","result_table_subgroup"
"21216833","1","baseline_table"
"21216833","2","result_table_subgroup"
"20979470","1","baseline_table"
"20937671","1","baseline_table"
"20937671","2","result_table_subgroup"
"20925534","1","baseline_table"
"20883926","1","baseline_table"
"20883926","2","result_table_subgroup"
"20883926","3","NA"
"20678878","1","baseline_table"
"20582594","1","baseline_table"
"20582594","2","result_table_subgroup"
"20469975","1","baseline_table"
"20393175 & Supplementary Append","3","result_table_subgroup"
"20393175 & Supplementary Append","4","result_table_subgroup"
"19332467","2","result_table_subgroup"
"20385930","2","result_table_subgroup"
"20385930","3","result_table_subgroup"
"19917888","1","baseline_table"
"19917888","2","result_table_subgroup"
"19776408","1","baseline_table"
"19776408","2","result_table_without_subgroup"
"19660610","2","result_table_subgroup"
"19443528","2","result_table_subgroup"
"19423108","2","result_table_subgroup"
"19389561","2","result_table_subgroup"
"19371824","1","baseline_table"
"19371824","2","other_table"
"19349325","1","baseline_table"
"19336502","2","baseline_table"
"19332467","1","baseline_table"
"19210140","1","baseline_table"
"19125778","2","result_table_subgroup"
"19104004","1","baseline_table"
"19104004","2","baseline_table"
"19104004","3","result_table_subgroup"
"18926433","2","baseline_table"
"18836213","3","NA"
"18823986","1","baseline_table"
"18823986","2","result_table_subgroup"
"18753639","3","result_table_subgroup"
"18674411","1","baseline_table"
"18674411","2","result_table_subgroup"
"18667204","1","baseline_table"
"18539916","1","result_table_without_subgroup"
"18537526","2","NA"
"18499565","1","baseline_table"
"18499565","2","result_table_subgroup"
"18326958","2","result_table_subgroup"
"18172039","1","baseline_table"
"18172039","2","result_table_subgroup"
"18172039","3","result_table_subgroup"
"18094675","2","result_table_subgroup"
"18094675","4","result_table_subgroup"
"18032739","1","baseline_table"
"17965424","1","NA"
"17965424","2","result_table_subgroup"
"17804843","2","result_table_subgroup"
"17470434","2","result_table_subgroup"
"17456819","1","baseline_table"
"17292766","3","result_table_subgroup"
"17292766","4","NA"
"17145742","2","NA"
"17113426","1","baseline_table"
"17113426","2","result_table_subgroup"
"17065671","1","baseline_table"
"17022864","2","baseline_table"
"17470824","2","result_table_subgroup"
"17022864","3","result_table_without_subgroup"
"17011942","1","baseline_table"
"17011942","2","result_table_subgroup"
"16537662","1","baseline_table"
"16537662","2","result_table_subgroup"
"16351668","2","NA"
"16267322","1","baseline_table"
"15998891","1","baseline_table"
"15998890","2","result_table_subgroup"
"15451146","1","baseline_table"
"15451146","2","result_table_subgroup"
"15381674","1","NA"
"15337732","1","baseline_table"
"15051694","1","baseline_table"
"14724302","1","baseline_table"
"14724302","2","result_table_subgroup"
"13679479","2","other_table"
"11918909","1","baseline_table"
"30591006","1","baseline_table"
"30590387","1","baseline_table"
"30590387","2","result_table_subgroup"
"30587959","1","baseline_table"
"30587959","2","baseline_table"
"30587959","3","result_table_subgroup"
"30587959","4","result_table_subgroup"
"30587959","5","result_table_subgroup"
"30587959","6","result_table_subgroup"
"30586757","2","baseline_table"
"30586757","3","result_table_subgroup"
"30586723","1","baseline_table"
"30586723","2","result_table_subgroup"
"30586723","3","result_table_subgroup"
"30584583","1","baseline_table"
"30584583","2","result_table_subgroup"
"30584583","3","result_table_subgroup"
"30571562","3","result_table_subgroup"
"30566006v2","1","baseline_table"
"30566006","1","result_table_subgroup"
"30566006","2","result_table_subgroup"
"30566004v2","1","baseline_table"
"30566004","1","result_table_subgroup"
"30564451","1","baseline_table"
"30564451","2","result_table_subgroup"
"30547388","1","baseline_table"
"30547388","2","result_table_subgroup"
"30547388","3","result_table_subgroup"
"30547388","4","result_table_subgroup"
"30525116","1","baseline_table"
"30525116","2","result_table_subgroup"
"30522501","1","result_table_subgroup"
"30474818","1","baseline_table"
"30473179","1","baseline_table"
"29790415","2","result_table_subgroup"
"30465321","1","baseline_table"
"30425095","2","baseline_table"
"30418475","1","baseline_table"
"30418475","2","result_table_subgroup"
"30415628","1","result_table_subgroup"
"30415602","1","baseline_table"
"30415602","2","result_table_subgroup"
"30403574","1","baseline_table"
"30396865","1","baseline_table"
"30396865","2","other_table"
"30393950","1","baseline_table"
"30392095","1","baseline_table"
"30371334","1","baseline_table"
"30371334","6","result_table_subgroup"
"30354781","2","result_table_subgroup"
"30354517","1","result_table_subgroup"
"30352894","2","result_table_subgroup"
"30336824","2","result_table_without_subgroup"
"30336824","3","result_table_without_subgroup"
"30302940","1","baseline_table"
"30302940","2","baseline_table"
"30302940","4","result_table_subgroup"
"30292589","1","baseline_table"
"30291013","1","baseline_table"
"30291013","2","result_table_subgroup"
"30290801","1","baseline_table"
"30290801","2","result_table_without_subgroup"
"30290801","3","result_table_without_subgroup"
"30248105","1","baseline_table"
"30218434","1","result_table_subgroup"
"30203580","1","baseline_table"
"30248105","3","result_table_subgroup"
"30248105","4","result_table_subgroup"
"30203580","2","result_table_subgroup"
"30203005","1","baseline_table"
"30191421","1","baseline_table"
"30191421","2","result_table_subgroup"
"30183102v2","1","baseline_table"
"30183102","1","result_table_subgroup"
"30183102","2","result_table_subgroup"
"30175930","1","baseline_table"
"30175930","2","result_table_subgroup"
"30166073v2","1","baseline_table"
"30166073","2","baseline_table"
"30166073","3","result_table_subgroup"
"30165610","1","baseline_table"
"30165610","3","result_table_subgroup"
"30146932","1","baseline_table"
"30146932","2","result_table_subgroup"
"30146931","1","baseline_table"
"30146931","2","result_table_subgroup"
"30146931","3","result_table_subgroup"
"30139780","1","baseline_table"
"30139780","2","result_table_subgroup"
"30121827","1","baseline_table"
"30121827","3","result_table_subgroup"
"30053967v2","1","result_table_subgroup"
"30053967","1","result_table_subgroup"
"30053967","2","result_table_subgroup"
"30026335","1","baseline_table"
"30012431v2","1","baseline_table"
"30012431","1","baseline_table"
"30012318","3","result_table_subgroup"
"29941478v2","1","baseline_table"
"29941478","1","result_table_subgroup"
"29941478","2","result_table_subgroup"
"29937431","1","baseline_table"
"25592197","2","result_table_subgroup"
"29937267v2","1","baseline_table"
"29937267","1","baseline_table"
"29937267","2","result_table_subgroup"
"29925383","1","baseline_table"
"29925383","2","result_table_subgroup"
"29910024","1","baseline_table"
"29909019","1","baseline_table"
"29908670","2","baseline_table"
"29903515","2","result_table_subgroup"
"29903515","3","result_table_subgroup"
"29903515","4","result_table_subgroup"
"29880010","1","result_table_subgroup"
"29857145","1","baseline_table"
"29857145","2","baseline_table"
"29793629","1","baseline_table"
"29793629","2","result_table_subgroup"
"29790415","1","result_table_subgroup"
"29782217","1","baseline_table"
"29782217","2","result_table_subgroup"
"29782217","3","result_table_subgroup"
"29777264v2","1","baseline_table"
"29777264","1","result_table_subgroup"
"29766634","2","result_table_subgroup"
"29748996","1","result_table_subgroup"
"29743836","1","baseline_table"
"29713156","2","result_table_subgroup"
"29687620","1","baseline_table"
"29685860v2","1","baseline_table"
"29685860","1","result_table_subgroup"
"29685860","2","result_table_subgroup"
"29680881","1","baseline_table"
"29671280","2","result_table_subgroup"
"29664406","1","baseline_table"
"29664406","2","result_table_subgroup"
"29661699","1","baseline_table"
"29661699","2","result_table_subgroup"
"29563108","1","baseline_table"
"29556416","1","baseline_table"
"29556416","2","result_table_subgroup"
"29556416","3","result_table_subgroup"
"29544870","1","baseline_table"
"29544870","2","result_table_subgroup"
"29544870","3","result_table_subgroup"
"29544534","1","baseline_table"
"29526832","1","baseline_table"
"29526832","2","result_table_subgroup"
"29490509","1","baseline_table"
"29490509","2","result_table_subgroup"
"29471381","1","baseline_table"
"29463520","1","baseline_table"
"29463520","2","result_table_subgroup"
"29447769","1","baseline_table"
"29447769","2","result_table_subgroup"
"29445520","1","baseline_table"
"29430801","1","baseline_table"
"29429593v2","1","baseline_table"
"29429593","1","baseline_table"
"29429593","2","result_table_subgroup"
"29414542","1","result_table_subgroup"
"29409951","1","baseline_table"
"29409951","2","result_table_subgroup"
"29409951","3","result_table_subgroup"
"29279300","1","baseline_table"
"29279300","2","result_table_subgroup"
"29266675","1","baseline_table"
"29266675","2","other_table"
"29263150","2","result_table_subgroup"
"29248859","1","baseline_table"
"29248859","2","result_table_subgroup"
"29248384","1","baseline_table"
"29242349","1","baseline_table"
"29228101","1","baseline_table"
"26523993","3","result_table_subgroup"
"29159457","1","baseline_table"
"29159457","2","result_table_subgroup"
"29148144","1","baseline_table"
"29148144","2","result_table_subgroup"
"29144061","1","baseline_table"
"29132879","3","result_table_subgroup"
"29132879","4","result_table_subgroup"
"29128192","2","baseline_table"
"29128192","3","result_table_subgroup"
"29064626","1","baseline_table"
"29064626","2","result_table_subgroup"
"29045207","1","baseline_table"
"29028981","1","baseline_table"
"28939567","1","baseline_table"
"28924103","2","result_table_subgroup"
"28921862","3","result_table_subgroup"
"28391886","2","result_table_subgroup"
"28903864","1","baseline_table"
"28902593","1","baseline_table"
"28902593","2","result_table_subgroup"
"28899222","1","baseline_table"
"28882235","1","baseline_table"
"28882235","2","result_table_without_subgroup"
"28882235","3","result_table_subgroup"
"28879052","1","baseline_table"
"28877027","1","baseline_table"
"28877027","2","result_table_subgroup"
"28848879","1","baseline_table"
"28848879","2","result_table_subgroup"
"28844508","1","baseline_table"
"28844508","3","result_table_subgroup"
"28842165","1","baseline_table"
"28842165","2","result_table_subgroup"
"28842165","3","result_table_subgroup"
"28827011","1","baseline_table"
"28827011","2","result_table_without_subgroup"
"28818881","1","baseline_table"
"28818881","2","result_table_subgroup"
"28801539","3","result_table_subgroup"
"28801539","4","result_table_subgroup"
"28801539","5","result_table_subgroup"
"28753486","1","baseline_table"
"28753486","2","result_table_subgroup"
"28753486","3","result_table_subgroup"
"28720336","1","baseline_table"
"28720336","2","result_table_subgroup"
"28720132","1","baseline_table"
"28720132","3","result_table_subgroup"
"28689179","1","baseline_table"
"28689179","2","result_table_without_subgroup"
"28666993","1","baseline_table"
"28666993","2","result_table_subgroup"
"28573499","4","result_table_subgroup"
"28544533","1","baseline_table"
"28544533","2","result_table_subgroup"
"28544533","3","result_table_subgroup"
"28531241","1","baseline_table"
"28531241","2","result_table_subgroup"
"28520924","1","baseline_table"
"28520924","2","result_table_subgroup"
"28520924","3","result_table_subgroup"
"28432746","1","result_table_subgroup"
"28405473","1","baseline_table"
"28405473","2","result_table_subgroup"
"28395936","1","baseline_table"
"28395936","2","result_table_subgroup"
"28391886","1","baseline_table"
"28467869","3","result_table_subgroup"
"28385353v2","1","baseline_table"
"28385353","1","baseline_table"
"28385353","2","result_table_subgroup"
"28385353","3","result_table_subgroup"
"28385353","4","result_table_subgroup"
"28385353","5","result_table_subgroup"
"28385353","6","result_table_subgroup"
"28385353","7","result_table_subgroup"
"28382371","2","result_table_subgroup"
"28359411","1","baseline_table"
"28359411","2","result_table_subgroup"
"28332144","1","baseline_table"
"28327140","1","baseline_table"
"28327140","2","result_table_subgroup"
"28316279v2","1","baseline_table"
"28316279v2","2","result_table_subgroup"
"28316279","1","baseline_table"
"28316279","2","result_table_subgroup"
"28159511","2","result_table_subgroup"
"28302288","1","baseline_table"
"28302288","2","result_table_subgroup"
"28300867","1","baseline_table"
"28300867","2","result_table_subgroup"
"28279891v3","2","result_table_subgroup"
"28246236","1","baseline_table"
"28246236","2","result_table_subgroup"
"28215362","1","baseline_table"
"28215362","2","result_table_subgroup"
"28213368","1","baseline_table"
"28213368","2","result_table_subgroup"
"28197834","1","baseline_table"
"28197834","2","result_table_subgroup"
"28189475v2","1","baseline_table"
"28189475","2","result_table_subgroup"
"28159511","1","baseline_table"
"28153828","1","baseline_table"
"28153828","2","result_table_subgroup"
"28119763","1","baseline_table"
"27993292","2","result_table_subgroup"
"27993292","3","result_table_subgroup"
"27977934","1","baseline_table"
"27977934","2","result_table_subgroup"
"27977392","1","baseline_table"
"27977392","2","result_table_subgroup"
"27977392","3","result_table_subgroup"
"27965257","1","baseline_table"
"27965257","2","result_table_subgroup"
"27959607","1","baseline_table"
"27935736","1","baseline_table"
"27935736","2","result_table_subgroup"
"27912982","1","baseline_table"
"27912982","2","result_table_subgroup"
"27912982","3","result_table_subgroup"
"27893045","1","baseline_table"
"27893045","2","result_table_subgroup"
"27807306","1","baseline_table"
"27807306","2","result_table_subgroup"
"27796912","1","baseline_table"
"27796912","2","result_table_subgroup"
"27767328","1","result_table_subgroup"
"27767328","2","result_table_subgroup"
"27767328","3","result_table_subgroup"
"27767328","4","result_table_subgroup"
"27689735","1","baseline_table"
"27689735","2","baseline_table"
"27689735","3","baseline_table"
"27689735","4","baseline_table"
"21545942","2","result_table_subgroup"
"27672117","1","baseline_table"
"27659566","3","result_table_subgroup"
"27639753","1","baseline_table"
"27639753","3","result_table_subgroup"
"27639753","4","result_table_subgroup"
"27639327","1","baseline_table"
"27633186","1","baseline_table"
"27616196","1","baseline_table"
"27616196","2","result_table_subgroup"
"27616196","3","result_table_subgroup"
"27616196","4","result_table_subgroup"
"27616196","5","result_table_subgroup"
"27612281","1","baseline_table"
"27612281","3","result_table_subgroup"
"21491487","1","baseline_table"
"27612281","4","result_table_subgroup"
"27612281","5","result_table_subgroup"
"27612281","6","result_table_subgroup"
"27609678","1","baseline_table"
"27609678","2","result_table_subgroup"
"27609408","1","baseline_table"
"27609406v2","1","baseline_table"
"27609406v2","2","result_table_subgroup"
"27609406","1","baseline_table"
"27600862","1","baseline_table"
"27589414v3","1","baseline_table"
"27589414v2","1","baseline_table"
"27589414","1","baseline_table"
"27581531","1","baseline_table"
"27581531","2","result_table_subgroup"
"27579635","1","baseline_table"
"27576775","1","baseline_table"
"27576775","2","result_table_subgroup"
"27576559","1","baseline_table"
"27576559","2","result_table_subgroup"
"27502857","1","baseline_table"
"27492833","1","baseline_table"
"27418597","1","baseline_table"
"27418597","2","result_table_subgroup"
"27406394","1","baseline_table"
"27406394","2","result_table_subgroup"
"27358434","2","result_table_subgroup"
"27322571","1","baseline_table"
"27299675","2","result_table_subgroup"
"27289121","2","result_table_subgroup"
"27267268","1","baseline_table"
"27252787","1","baseline_table"
"27252787","2","result_table_subgroup"
"27215749","1","baseline_table"
"27215749","2","baseline_table"
"27215502","1","baseline_table"
"27215502","2","result_table_subgroup"
"27190009","1","baseline_table"
"27190009","2","result_table_subgroup"
"27165179","1","baseline_table"
"27161178","1","baseline_table"
"27102506","1","baseline_table"
"27056586","1","baseline_table"
"27056586","2","result_table_subgroup"
"27046159","1","baseline_table"
"27046159","2","result_table_subgroup"
"27039236","1","baseline_table"
"27039126","2","other_table"
"27028914","1","baseline_table"
"27028914","2","result_table_subgroup"
"27018175","1","baseline_table"
"26949137","1","baseline_table"
"26934128","1","baseline_table"
"26915374","1","baseline_table"
"26915374","2","result_table_without_subgroup"
"26833744","1","baseline_table"
"26792812","1","baseline_table"
"26792812","2","result_table_subgroup"
"26786577","1","baseline_table"
"26783237","1","baseline_table"
"26754626","2","result_table_subgroup"
"26754626","3","result_table_subgroup"
"26630143","1","baseline_table"
"26620248","2","result_table_subgroup"
"26578849","1","baseline_table"
"26563670","1","baseline_table"
"26563670","2","result_table_subgroup"
"26541915","3","result_table_subgroup"
"26541915","4","baseline_table"
"26541915","5","result_table_subgroup"
"26486868v2","1","baseline_table"
"26486868","1","baseline_table"
"26486868","2","result_table_without_subgroup"
"26475142","1","baseline_table"
"26475142","2","result_table_subgroup"
"26459421","1","baseline_table"
"26452447","1","baseline_table"
"26446706","1","result_table_subgroup"
"26374849","1","baseline_table"
"26374849","2","result_table_subgroup"
"26373629","1","baseline_table"
"26373629","2","result_table_subgroup"
"26373629","3","result_table_subgroup"
"26304934","1","baseline_table"
"17980928","3","result_table_without_subgroup"
"26254019","1","baseline_table"
"26238672","2","result_table_subgroup"
"26233481","1","baseline_table"
"26233481","2","result_table_subgroup"
"26233481","3","result_table_subgroup"
"26233481","4","result_table_subgroup"
"26228097","1","baseline_table"
"26179767","2","result_table_subgroup"
"26113687","1","baseline_table"
"26112656","1","baseline_table"
"26112656","2","baseline_table"
"26112656","3","result_table_subgroup"
"26100349","1","baseline_table"
"26100349","2","result_table_subgroup"
"26100349","3","result_table_subgroup"
"26097039","1","baseline_table"
"26097039","2","result_table_subgroup"
"26097039","3","result_table_subgroup"
"26093161","2","result_table_subgroup"
"26072109","1","baseline_table"
"26066644","1","result_table_subgroup"
"26065986","1","baseline_table"
"26065986","2","result_table_subgroup"
"26059896","3","result_table_subgroup"
"26059896","4","result_table_subgroup"
"26054553","1","baseline_table"
"26049552","1","baseline_table"
"25881510","1","baseline_table"
"25795432","1","baseline_table"
"25795432","2","result_table_without_subgroup"
"25795432","3","result_table_without_subgroup"
"25779603","1","baseline_table"
"25779603","2","result_table_subgroup"
"25775052","1","baseline_table"
"25775052","2","result_table_subgroup"
"25775052","3","result_table_subgroup"
"25775052","4","result_table_subgroup"
"25775052","5","result_table_subgroup"
"26275429","2","result_table_subgroup"
"25772548","1","baseline_table"
"25769357","1","baseline_table"
"25769357","2","result_table_subgroup"
"25765696","1","baseline_table"
"25765696","2","result_table_subgroup"
"25765696","3","result_table_subgroup"
"25736990","1","baseline_table"
"25736990","2","result_table_subgroup"
"25728587","1","baseline_table"
"25728587","3","result_table_subgroup"
"25629790","1","baseline_table"
"25619410","1","baseline_table"
"25468945","1","baseline_table"
"25455006","1","baseline_table"
"25455006","2","result_table_subgroup"
"25354738","1","baseline_table"
"25354738","2","result_table_subgroup"
"25329038","1","baseline_table"
"25271206","1","baseline_table"
"25271206","2","result_table_subgroup"
"25229335","1","baseline_table"
"25214069","1","baseline_table"
"25199059","1","baseline_table"
"25182247","1","baseline_table"
"25175921","1","baseline_table"
"25175921","2","result_table_subgroup"
"25175921","3","result_table_subgroup"
"25046337","1","baseline_table"
"25046337","2","result_table_subgroup"
"25045258","1","baseline_table"
"25045258","2","result_table_subgroup"
"25005327","1","baseline_table"
"30830724","3","result_table_subgroup"
"25002161","1","baseline_table"
"24966672","2","result_table_subgroup"
"24918789","1","baseline_table"
"24859203","1","baseline_table"
"24842985","1","baseline_table"
"24842985","2","result_table_subgroup"
"24842697","1","baseline_table"
"24842697","2","result_table_subgroup"
"24842697","3","result_table_subgroup"
"24839241","1","baseline_table"
"24839241","2","result_table_subgroup"
"24780614","1","baseline_table"
"24780614","2","result_table_subgroup"
"24748630","1","baseline_table"
"24742013","1","baseline_table"
"24727258","1","baseline_table"
"24727258","2","result_table_subgroup"
"24716680v2","1","baseline_table"
"24621834","1","baseline_table"
"24504810","1","baseline_table"
"24339179","1","baseline_table"
"24339179","2","result_table_subgroup"
"24323795","2","result_table_subgroup"
"24321804","1","baseline_table"
"24321804","2","result_table_subgroup"
"24283598","1","baseline_table"
"24283598","2","result_table_subgroup"
"24253831","1","baseline_table"
"24253831","2","baseline_table"
"24253831","3","result_table_subgroup"
"24251359","1","baseline_table"
"24251359","2","result_table_subgroup"
"24141036","1","baseline_table"
"24119319","1","baseline_table"
"24119319","2","result_table_subgroup"
"19447387","3","result_table_subgroup"
"24001888","1","baseline_table"
"24001888","2","result_table_subgroup"
"23992602","1","baseline_table"
"23992602","2","result_table_subgroup"
"23992601","1","baseline_table"
"23992601","2","result_table_subgroup"
"23992601","3","result_table_subgroup"
"23991658","1","baseline_table"
"23991658","2","result_table_subgroup"
"23991658","3","result_table_subgroup"
"23964932","1","baseline_table"
"23812596","1","baseline_table"
"23812596","2","result_table_subgroup"
"23770182","1","result_table_subgroup"
"23770182","2","result_table_subgroup"
"23770182","3","result_table_subgroup"
"23765873","1","baseline_table"
"23743976","1","baseline_table"
"23743976","2","result_table_subgroup"
"23743487","1","baseline_table"
"23735746","1","baseline_table"
"23726159","1","baseline_table"
"23726159","2","result_table_subgroup"
"23683134","1","baseline_table"
"23656980","2","result_table_subgroup"
"23613569","1","baseline_table"
"23564916","2","result_table_subgroup"
"23529173","2","result_table_without_subgroup"
"23529173","3","result_table_without_subgroup"
"23519546","1","baseline_table"
"23501976","1","baseline_table"
"23501976","2","result_table_subgroup"
"23110471","1","result_table_subgroup"
"23451835","1","baseline_table"
"23436336","1","baseline_table"
"23425163","1","baseline_table"
"23425163","2","result_table_subgroup"
"23425163","3","result_table_subgroup"
"23396280","1","baseline_table"
"23396280","2","result_table_without_subgroup"
"23271794","1","baseline_table"
"23271794","2","result_table_subgroup"
"23271794","3","result_table_subgroup"
"23219284","1","baseline_table"
"23134522","1","baseline_table"
"23129601","1","baseline_table"
"23129601","2","result_table_subgroup"
"23116881","1","baseline_table"
"15590586","2","result_table_subgroup"
"23048052","1","baseline_table"
"22939358","1","baseline_table"
"22932716","1","baseline_table"
"22932716","2","result_table_subgroup"
"22931315","1","baseline_table"
"22873530","1","baseline_table"
"22873530","2","result_table_subgroup"
"22709460","1","baseline_table"
"22700854","1","baseline_table"
"22700854","2","result_table_subgroup"
"22672586","1","baseline_table"
"22503610","1","baseline_table"
"22491018","1","baseline_table"
"22490878","1","result_table_subgroup"
"22490878","2","result_table_subgroup"
"22490878","3","result_table_subgroup"
"22470539","1","baseline_table"
"22470539","2","result_table_subgroup"
"22443427","1","baseline_table"
"22443427","2","result_table_subgroup"
"22443427","3","result_table_subgroup"
"22396585","2","result_table_subgroup"
"22378566","1","baseline_table"
"22378566","2","result_table_subgroup"
"22354934","1","baseline_table"
"22337213","1","baseline_table"
"22335737","1","result_table_subgroup"
"22316106","1","baseline_table"
"22311004","1","baseline_table"
"22305835","2","result_table_subgroup"
"22235820","1","baseline_table"
"22235820","2","result_table_subgroup"
"22235820","3","result_table_subgroup"
"22193143","1","baseline_table"
"22085343","1","result_table_subgroup"
"22084332","1","baseline_table"
"22084332","2","result_table_subgroup"
"22052584","1","baseline_table"
"22052584","2","result_table_subgroup"
"21976367","1","baseline_table"
"21939839","1","baseline_table"
"21933100","1","baseline_table"
"21933100","2","result_table_subgroup"
"21925996","1","baseline_table"
"21875546","1","baseline_table"
"21871706","1","baseline_table"
"21871706","2","result_table_subgroup"
"21732835","1","baseline_table"
"21576658","1","baseline_table"
"21576658","2","result_table_subgroup"
"21576658","3","result_table_subgroup"
"21545942","1","baseline_table"
"21428765","2","result_table_subgroup"
"21388309","1","baseline_table"
"21362764","1","baseline_table"
"21332630","1","baseline_table"
"21332630","2","result_table_subgroup"
"21320109","1","baseline_table"
"21227674","1","baseline_table"
"21224838","1","baseline_table"
"21147728","1","baseline_table"
"21147728","2","result_table_subgroup"
"21128814","1","baseline_table"
"21128814","2","result_table_subgroup"
"21128814","3","result_table_subgroup"
"21109344","1","baseline_table"
"21059484","1","baseline_table"
"21045096","1","baseline_table"
"20953684","1","baseline_table"
"20953684","2","result_table_subgroup"
"20805623","1","baseline_table"
"20801495","1","baseline_table"
"20801495","2","result_table_subgroup"
"20723849","1","baseline_table"
"20707767","1","baseline_table"
"20678674","1","baseline_table"
"20678674","2","result_table_subgroup"
"20644019","1","other_table"
"20593911","1","baseline_table"
"20582993","1","baseline_table"
"20436046","1","baseline_table"
"9892586","1","baseline_table"
"30882239","1","baseline_table"
"30882239","2","result_table_subgroup"
"30882239","3","result_table_subgroup"
"30882239","4","result_table_subgroup"
"30882239","5","result_table_subgroup"
"30851070","2","result_table_subgroup"
"30851070","3","result_table_subgroup"
"30830724","4","result_table_subgroup"
"30830724","5","result_table_subgroup"
"30830724","6","result_table_without_subgroup"
"30614616","2","result_table_subgroup"
"30609212","3","result_table_subgroup"
"30591006","2","result_table_subgroup"
"30591006","3","result_table_subgroup"
"30586757","4","result_table_subgroup"
"30586757","5","result_table_subgroup"
"27358434","1","baseline_table"
"24942540","1","baseline_table"
"24918789","2","result_table_subgroup"
"24727254","3","result_table_subgroup"
"24323795","1","NA"
"22913890","1","baseline_table"
"22193143","2","result_table_subgroup"
"11419426","1","baseline_table"
"20393175","1","baseline_table"
"20385930","1","baseline_table"
"20370912","1","baseline_table"
"20370912","2","result_table_subgroup"
"20228404","1","baseline_table"
"20228403","2","result_table_subgroup"
"20228403","3","result_table_subgroup"
"20228403","4","result_table_subgroup"
"20228402","1","baseline_table"
"20228402","3","result_table_subgroup"
"20228402","4","result_table_subgroup"
"20200926","2","result_table_subgroup"
"18549913","1","baseline_table"
"20393175","2","result_table_subgroup"
"20393175","4","result_table_subgroup"
"20194881","1","baseline_table"
"20194881","2","result_table_subgroup"
"20185426","1","baseline_table"
"20185426","2","result_table_without_subgroup"
"20185012","1","baseline_table"
"20163842","1","baseline_table"
"20163842","2","result_table_subgroup"
"20136164","1","result_table_subgroup"
"20136164","3","result_table_without_subgroup"
"20136164","4","result_table_without_subgroup"
"20136164","5","result_table_without_subgroup"
"19966341","2","result_table_subgroup"
"19933596","1","baseline_table"
"19929994","1","baseline_table"
"19850249","1","result_table_subgroup"
"19850249","2","result_table_subgroup"
"19847908","2","result_table_subgroup"
"19752419","1","baseline_table"
"19735233","1","baseline_table"
"19717844","1","baseline_table"
"19717844","2","result_table_subgroup"
"19704100","1","baseline_table"
"19704100","2","result_table_subgroup"
"19674165","1","baseline_table"
"19614946v2","1","baseline_table"
"19614946","1","baseline_table"
"19567517","1","baseline_table"
"19567517","2","result_table_subgroup"
"19515181","1","baseline_table"
"19470885","1","baseline_table"
"19470885","2","result_table_subgroup"
"19409693","1","baseline_table"
"19409693","2","result_table_subgroup"
"19336502v2","1","baseline_table"
"15590586","3","result_table_subgroup"
"19336502","1","baseline_table"
"19332455","1","baseline_table"
"19332455","3","baseline_table"
"19213680","1","baseline_table"
"19210298","1","baseline_table"
"19097665","3","result_table_without_subgroup"
"19052124","1","baseline_table"
"19026303","1","baseline_table"
"19001024","1","result_table_without_subgroup"
"18975369","1","baseline_table"
"18972097","1","result_table_subgroup"
"18926433","1","baseline_table"
"18852398","1","baseline_table"
"18821708","1","baseline_table"
"18813219","1","baseline_table"
"18676075","2","result_table_subgroup"
"18539917","1","baseline_table"
"18511702","1","baseline_table"
"18370800","1","baseline_table"
"18284434","1","baseline_table"
"18259029","1","baseline_table"
"18259029","2","result_table_subgroup"
"18227370","1","baseline_table"
"18227370","2","result_table_subgroup"
"18227370","3","result_table_subgroup"
"18227370","4","result_table_subgroup"
"18025537","1","baseline_table"
"18025537","2","other_table"
"18000186","1","baseline_table"
"18000186","2","result_table_subgroup"
"17980928","1","baseline_table"
"17980928","2","baseline_table"
"17969365","1","baseline_table"
"17878242","1","result_table_subgroup"
"17846352","1","baseline_table"
"17846352","2","result_table_subgroup"
"17723125","1","baseline_table"
"17605774","1","baseline_table"
"17605774","2","result_table_subgroup"
"17605774","3","result_table_subgroup"
"17456819v2","2","NA"
"17456819","2","result_table_subgroup"
"17384434","1","baseline_table"
"17304660","1","baseline_table"
"17304660","2","result_table_subgroup"
"17292766v3","1","baseline_table"
"17292766v2","1","baseline_table"
"17292766","1","baseline_table"
"17292766","2","NA"
"17259484","1","baseline_table"
"17259484","2","result_table_subgroup"
"17190893","1","baseline_table"
"17124018","1","baseline_table"
"17022864","1","baseline_table"
"17010793","1","baseline_table"
"16801465","1","baseline_table"
"16801465","2","result_table_subgroup"
"16537665","1","baseline_table"
"16537663","1","baseline_table"
"16537663","2","result_table_subgroup"
"16508926","1","other_table"
"16508926","2","other_table"
"16508926","3","result_table_subgroup"
"16488800","1","baseline_table"
"16278257","1","baseline_table"
"16271643","1","baseline_table"
"16271642","1","baseline_table"
"16214598","1","baseline_table"
"16139123","1","baseline_table"
"16139123","2","baseline_table"
"16139123","3","result_table_without_subgroup"
"16139123","4","result_table_without_subgroup"
"16116047","2","baseline_table"
"16116047","4","result_table_without_subgroup"
"16116047","5","result_table_without_subgroup"
"15883637","2","result_table_subgroup"
"15851647","1","baseline_table"
"15851647","3","result_table_subgroup"
"15537681","1","NA"
"15337732","2","result_table_subgroup"
"15238590","1","baseline_table"
"29146124","2","result_table_subgroup"
"15103313","1","baseline_table"
"15051694v2","2","other_table"
"15051694","2","other_table"
"15049402","1","baseline_table"
"15049402","2","result_table_subgroup"
"15028365","1","result_table_subgroup"
"14661009","1","baseline_table"
"12899584","1","baseline_table"
"12601075v3","1","baseline_table"
"12601075","2","result_table_subgroup"
"12601075","1","baseline_table"
"12479763","1","baseline_table"
"12601075v2","1","baseline_table"
"12466506","1","baseline_table"
"12456232","2","result_table_subgroup"
"12456232v2","3","result_table_subgroup"
"12243636","1","baseline_table"
"11937179","1","baseline_table"
"12601075v2","2","result_table_subgroup"
"11419425","2","NA"
"12456232","3","result_table_subgroup"
"10438259","1","baseline_table"
"10438259","2","result_table_subgroup"
"11527638","1","NA"
"20228402","2","result_table_subgroup"
"23714653","2","result_table_subgroup"
"9892586","4","result_table_subgroup"
"9841303","2","result_table_subgroup"
"29431256","2","result_table_subgroup"
"29415145","1","result_table_subgroup"
"29415145","2","result_table_subgroup"
"29263150","3","result_table_subgroup"
"29151034","2","result_table_subgroup"
"29151034","4","result_table_subgroup"
"29151034","5","result_table_subgroup"
"29145215","2","result_table_subgroup"
"29145215","3","result_table_subgroup"
"29132880","2","result_table_subgroup"
"29132879","2","result_table_subgroup"
"29084736","2","result_table_subgroup"
"29028981 & Supplementary Append","2","result_table_subgroup"
"29028981 & Supplementary Append","3","result_table_subgroup"
"28975241","2","result_table_subgroup"
"28972004","1","result_table_subgroup"
"28972004","2","result_table_subgroup"
"28972004","3","result_table_subgroup"
"28948656","2","result_table_subgroup"
"28905478","1","result_table_subgroup"
"28905478","2","result_table_subgroup"
"28905478","3","result_table_subgroup"
"28877027 & Supplementary Append","2","result_table_subgroup"
"28904068","2","result_table_subgroup"
"28035868","2","result_table_subgroup"
"28847206","2","result_table_subgroup"
"28844990","2","result_table_subgroup"
"28844192","2","result_table_subgroup"
"28801539","2","result_table_subgroup"
"28720132 & Supplementary Append","2","result_table_subgroup"
"28720132 & Supplementary Append","3","result_table_subgroup"
"28666775","3","result_table_subgroup"
"28605608","2","result_table_subgroup"
"28473423","2","result_table_subgroup"
"28432746","2","result_table_subgroup"
"28416587","2","result_table_subgroup"
"28402745","2","result_table_subgroup"
"28386990","2","result_table_subgroup"
"28263812","2","result_table_subgroup"
"28246237","2","result_table_subgroup"
"28237263","3","result_table_subgroup"
"28153828 & Supplementary Append","2","result_table_subgroup"
"28118533","2","result_table_subgroup"
"27993292 & Supplementary Append","2","result_table_subgroup"
"27993292 & Supplementary Append","3","result_table_subgroup"
"27965257 & Supplementary Append","2","result_table_subgroup"
"27842179","2","result_table_subgroup"
"27742728","2","result_table_subgroup"
"27708114","2","result_table_subgroup"
"27684308","2","result_table_subgroup"
"27659566","2","result_table_subgroup"
"27647847","2","result_table_subgroup"
"27619750","2","result_table_subgroup"
"27581531 & Supplementary Append","2","result_table_subgroup"
"27576775 & Supplementary Append","2","result_table_subgroup"
"27576774","2","result_table_subgroup"
"27502307","2","result_table_subgroup"
"27465265","2","result_table_subgroup"
"27437883","2","result_table_subgroup"
"27418597 & Supplementary Append","2","result_table_subgroup"
"27395349","3","result_table_subgroup"
"27354044","2","result_table_subgroup"
"27313282","2","result_table_subgroup"
"27295427","2","result_table_subgroup"
"27181606","2","result_table_subgroup"
"27144849","5","result_table_subgroup"
"27028914 & Supplementary Append","2","result_table_subgroup"
"26744025","2","result_table_subgroup"
"26681720","2","result_table_subgroup"
"26653621","2","result_table_subgroup"
"26586780","2","result_table_subgroup"
"26580237","2","result_table_subgroup"
"26541915","2","result_table_subgroup"
"26524706","2","result_table_subgroup"
"26524706","3","result_table_subgroup"
"26523993","2","result_table_subgroup"
"26378978","2","result_table_subgroup"
"26378978","3","result_table_subgroup"
"26358285","2","result_table_subgroup"
"26338971","2","result_table_subgroup"
"26627989","2","result_table_subgroup"
"27144849","3","result_table_subgroup"
"27144849","4","result_table_subgroup"
"26330422","2","result_table_subgroup"
"26321103","2","result_table_subgroup"
"26238672","1","result_table_subgroup"
"26179619","2","result_table_subgroup"
"26151264","2","result_table_subgroup"
"26139005","2","result_table_subgroup"
"26135703","2","result_table_subgroup"
"26132939","2","result_table_subgroup"
"26132939","3","result_table_subgroup"
"26132939","4","result_table_subgroup"
"26121561","2","result_table_subgroup"
"26059896","2","result_table_subgroup"
"26052984","2","result_table_subgroup"
"25792124","2","result_table_subgroup"
"25773268","2","result_table_subgroup"
"25758769","2","result_table_subgroup"
"25698905","2","result_table_subgroup"
"25698905","3","result_table_subgroup"
"25681464","2","result_table_subgroup"
"25573406","2","result_table_subgroup"
"25523533","2","result_table_subgroup"
"25490706","2","result_table_subgroup"
"25475110","2","result_table_subgroup"
"25465417","2","result_table_subgroup"
"25399274","2","result_table_subgroup"
"25352655","2","result_table_subgroup"
"25352655","3","result_table_subgroup"
"28215362 & Supplementary Append","2","result_table_subgroup"
"25175921 & Supplementary Append","2","result_table_subgroup"
"25161043","2","result_table_subgroup"
"25037988","2","result_table_subgroup"
"25037988","3","result_table_subgroup"
"25031188","2","result_table_subgroup"
"24898834","2","result_table_subgroup"
"24898834","3","result_table_subgroup"
"24664227","2","result_table_subgroup"
"27215502 & Supplementary Append","2","result_table_subgroup"
"27043082","2","result_table_subgroup"
"26271059","2","result_table_subgroup"
"26027630","2","result_table_subgroup"
"25552421","2","result_table_subgroup"
"25552421","3","result_table_subgroup"
"25176136","2","result_table_subgroup"
"23473396","2","result_table_subgroup"
"24596459","2","result_table_subgroup"
"24383720","2","result_table_subgroup"
"23129601 & Supplementary Append","2","result_table_subgroup"
"22443427 & Supplementary Append","2","result_table_subgroup"
"21780946","2","result_table_subgroup"
"21174145","2","result_table_subgroup"
"20484828","2","result_table_subgroup"
"20418083","2","result_table_subgroup"
"19850248","3","result_table_subgroup"
"18753638","2","result_table_subgroup"
"18339679","2","result_table_subgroup"
"24247616","2","result_table_subgroup"
"17058629","2","result_table_subgroup"
"16214597","2","result_table_subgroup"
"24120253","3","result_table_subgroup"
"24184169","2","result_table_subgroup"
"24156566","2","result_table_subgroup"
"24097439","2","result_table_subgroup"
"24076283","2","result_table_subgroup"
"24067431","2","result_table_subgroup"
"23964932 & Supplementary Append","2","result_table_subgroup"
"23963895","2","result_table_subgroup"
"23909985","2","result_table_subgroup"
"23733198","2","result_table_subgroup"
"23706759","2","result_table_subgroup"
"23564916","4","result_table_subgroup"
"23471469","3","result_table_subgroup"
"23339726","2","result_table_subgroup"
"23216615","2","result_table_subgroup"
"23121439 & Summplementary Appen","2","result_table_subgroup"
"23121439 & Summplementary Appen","3","result_table_subgroup"
"23110471","3","result_table_subgroup"
"23040830","2","result_table_subgroup"
"23040786","1","result_table_subgroup"
"23020650","2","result_table_subgroup"
"22932716 & Supplementary Append","2","result_table_subgroup"
"22913893","2","result_table_subgroup"
"22799613","2","result_table_subgroup"
"22576673","2","result_table_subgroup"
"22443427 & Supplementary Append","3","result_table_subgroup"
"22369287","2","result_table_subgroup"
"22234149","2","result_table_subgroup"
"22177371","2","result_table_subgroup"
"21682834","2","result_table_subgroup"
"21673005","2","result_table_subgroup"
"21332627","2","result_table_subgroup"
"21332627","3","result_table_subgroup"
"21128814 & Supplementary Append","2","result_table_subgroup"
"21128814 & Supplementary Append","3","result_table_subgroup"
"21060071","2","result_table_subgroup"
"20801500","2","result_table_subgroup"
"20685748","2","result_table_subgroup"
"20621900","2","result_table_subgroup"
"20487050","2","result_table_subgroup"
"20469975","2","result_table_subgroup"
"20357382","2","result_table_subgroup"
"20357382","3","result_table_subgroup"
"20151997","2","result_table_subgroup"
"19917888","3","result_table_subgroup"
"19850525","2","result_table_subgroup"
"19850248","2","result_table_subgroup"
"19751115","2","result_table_subgroup"
"19726772","2","result_table_subgroup"
"19717850","2","result_table_subgroup"
"19716598","2","result_table_subgroup"
"19688336","2","result_table_subgroup"
"19349325","2","result_table_subgroup"
"19139391","2","result_table_subgroup"
"19097665","2","result_table_subgroup"
"19001508","2","result_table_subgroup"
"18836213","2","result_table_subgroup"
"18835953","2","result_table_subgroup"
"18757090","2","result_table_subgroup"
"18757089","2","result_table_subgroup"
"18657652","2","result_table_subgroup"
"18615004","2","result_table_subgroup"
"18539916","2","result_table_subgroup"
"18498915","2","result_table_subgroup"
"18498915","3","result_table_subgroup"
"18398080","2","result_table_subgroup"
"18375982","2","result_table_subgroup"
"18223031","2","result_table_subgroup"
"18223031","3","result_table_subgroup"
"18199798","2","result_table_subgroup"
"18451347","2","result_table_subgroup"
"18094675","3","result_table_subgroup"
"17984166","2","result_table_subgroup"
"17765963","2","result_table_subgroup"
"17560879","1","result_table_subgroup"
"17097378","2","result_table_subgroup"
"17060377","3","result_table_subgroup"
"16905022","2","result_table_subgroup"
"16709304","2","result_table_subgroup"
"16709304","3","result_table_subgroup"
"16709304","4","result_table_subgroup"
"16533938","2","result_table_subgroup"
"16214597","3","result_table_subgroup"
"15924587","2","result_table_subgroup"
"15781429","2","result_table_subgroup"
"15758000","2","result_table_subgroup"
"15753114","2","result_table_subgroup"
"15659722","1","result_table_subgroup"
"15659722","2","result_table_subgroup"
"17398308","2","result_table_subgroup"
"15590586","4","result_table_subgroup"
"15579515","2","result_table_subgroup"
"15381674","2","result_table_subgroup"
"14657064","2","result_table_subgroup"
"11442551","2","result_table_subgroup"
"17097378","1","result_table_subgroup"
"26471380","1","baseline_table"
"15851647","2","result_table_subgroup"
"12803733","2","result_table_subgroup"
"27589414","2","result_table_without_subgroup"
"12803733","3","result_table_subgroup"
"12803733","5","result_table_subgroup"
"12803733","4","result_table_subgroup"
"16572114","2","result_table_subgroup"
"12205648","2","result_table_subgroup"
"10789664","1",""
"17065671","2","result_table_subgroup"
"17634458","2","result_table_subgroup"
"19201775","2","result_table_subgroup"
"19596014","2","result_table_subgroup"
"23735746","2","result_table_subgroup"
"27959607","2","result_table_subgroup"
"23964932","2","result_table_subgroup"
"25728587","2","result_table_subgroup"
"21209123","2","result_table_subgroup"
"21642014","3","result_table_subgroup"
"21645018","2","result_table_subgroup"
"27639327","2","result_table_subgroup"
"28467869","2","result_table_subgroup"
"29028981","3","result_table_subgroup"
"29028981","2","result_table_subgroup"
"19596014","3","result_table_subgroup"
"20393175","3","result_table_subgroup"
"28899222","2","result_table_subgroup"
"30026335","3","result_table_subgroup"
"20979470","2","result_table_subgroup"
"30352894","1","result_table_subgroup"
"16380589","2","result_table_subgroup"
"19336502","3","result_table_subgroup"
"19336502","4","result_table_subgroup"
"19369667","2","result_table_subgroup"
"20979470","3","result_table_subgroup"
"23128104","2","result_table_subgroup"
"23325525","1","result_table_subgroup"
"25182247","2","result_table_subgroup"
"27144849","1","result_table_subgroup"
"16495392v2","2","result_table_subgroup"
"19447387","2","result_table_subgroup"
"30248105","2","result_table_subgroup"
