"user","docid","page","corrupted_text","tableType","location","number","content","qualifiers"
"David","9892586","2","Does not correctly separate table header. Row 1 is the table header. Tried variety of annotations. All failed.","baseline_table","Row","1","outcomes;measures",""
"David","9892586","2","Does not correctly separate table header. Row 1 is the table header. Tried variety of annotations. All failed.","baseline_table","Col","1","baseline_level_1",""
"David","9892586","3","Very badly rendered table. Need to do redo excel sheet","result_table_subgroup","Row","1","",""
"David","9892586","3","Very badly rendered table. Need to do redo excel sheet","result_table_subgroup","Row","2","",""
"David","9892586","3","Very badly rendered table. Need to do redo excel sheet","result_table_subgroup","Row","3","measures",""
"David","9892586","3","Very badly rendered table. Need to do redo excel sheet","result_table_subgroup","Row","4","arms;measures",""
"David","9892586","3","Very badly rendered table. Need to do redo excel sheet","result_table_subgroup","Col","1","subgroup_name","empty_row"
"David","9892586","3","Very badly rendered table. Need to do redo excel sheet","result_table_subgroup","Col","1","subgroup_level",""
"David","8121459","2","Need to merge rows 2 and 3","result_table_subgroup","Row","1","outcomes",""
"David","8121459","2","Need to merge rows 2 and 3","result_table_subgroup","Row","3","arms;measures",""
"David","8121459","2","Need to merge rows 2 and 3","result_table_subgroup","Col","1","subgroup_name","empty_row"
"David","8121459","2","Need to merge rows 2 and 3","result_table_subgroup","Col","1","subgroup_level",""
"David","8121459","2","Need to merge rows 2 and 3","result_table_subgroup","Row","2","other",""
"David","29307087","2","Not clear why fails need to review","result_table_subgroup","Row","1","p-interaction;measures",""
"David","29307087","2","Not clear why fails need to review","result_table_subgroup","Row","2","arms",""
"David","29307087","2","Not clear why fails need to review","result_table_subgroup","Col","1","outcomes","empty_row"
"David","29307087","2","Not clear why fails need to review","result_table_subgroup","Col","1","subgroup_level",""
"David","29151034","3","","result_table_subgroup","Row","1","p-interaction",""
"David","29151034","3","","result_table_subgroup","Col","1","outcomes","itallic"
"David","29151034","3","","result_table_subgroup","Col","1","subgroup_name",""
"Peter","29145215","1","This table has not worked, as there is a different subgroup below row 13. Output does not differentiate between these","baseline_table","Row","1","baseline_level_1",""
"Peter","29145215","1","This table has not worked, as there is a different subgroup below row 13. Output does not differentiate between these","baseline_table","Row","2","baseline_level_2",""
"Peter","29145215","1","This table has not worked, as there is a different subgroup below row 13. Output does not differentiate between these","baseline_table","Row","3","arms",""
"Peter","29145215","1","This table has not worked, as there is a different subgroup below row 13. Output does not differentiate between these","baseline_table","Row","13","baseline_level_1",""
"Peter","29145215","1","This table has not worked, as there is a different subgroup below row 13. Output does not differentiate between these","baseline_table","Row","14","baseline_level_2",""
"Peter","29145215","1","This table has not worked, as there is a different subgroup below row 13. Output does not differentiate between these","baseline_table","Row","15","arms",""
"Peter","29145215","1","This table has not worked, as there is a different subgroup below row 13. Output does not differentiate between these","baseline_table","Col","1","measures",""
"Peter","29103664","2","The table has not rendered properly","result_table_subgroup","Row","1","measures",""
"Peter","29103664","2","The table has not rendered properly","result_table_subgroup","Col","1","subgroup_level","empty_row"
"Peter","29103664","2","The table has not rendered properly","result_table_subgroup","Col","1","arms",""
"David","28948656","3","","","Row","1","arms;measures",""
"David","28948656","3","","","Col","1","outcomes","empty_row"
"David","28948656","3","","","Col","1","subgroup_level",""
"David","28910237","2","","result_table_subgroup","Row","1","arms;measures;p-interaction",""
"David","28910237","2","","result_table_subgroup","Col","1","subgroup_name","empty_row_with_p_value"
"David","28910237","2","","result_table_subgroup","Col","1","subgroup_level",""
"Peter","28902593 & Supplementary Append","2","","result_table_subgroup","Row","1","arms;measures;p-interaction",""
"Peter","28902593 & Supplementary Append","2","","result_table_subgroup","Row","2","measures",""
"Peter","28902593 & Supplementary Append","2","","result_table_subgroup","Col","1","subgroup_name","empty_row_with_p_value"
"Peter","28902593 & Supplementary Append","2","","result_table_subgroup","Col","1","subgroup_level",""
"David","28877027 & Supplementary Append","1","Appends baseline level 1 incorrectly to some baseline level 2s","baseline_table","Row","1","arms;measures",""
"David","28877027 & Supplementary Append","1","Appends baseline level 1 incorrectly to some baseline level 2s","baseline_table","Col","1","baseline_level_1","empty_row_with_p_value"
"David","28877027 & Supplementary Append","1","Appends baseline level 1 incorrectly to some baseline level 2s","baseline_table","Col","1","baseline_level_2",""
"Peter","28854085","2","","result_table_subgroup","Row","1","measures;p-interaction",""
"Peter","28854085","2","","result_table_subgroup","Col","1","subgroup_name","empty_row_with_p_value"
"Peter","28854085","2","","result_table_subgroup","Col","1","subgroup_level",""
"David","28801539","1","","baseline_table","Row","1","subgroup_level;measures",""
"David","28801539","1","","baseline_table","Col","1","baseline_level_1",""
"David","28801539","1","","baseline_table","Col","1","baseline_level_2","indented"
"David","28666775","2","Fails and funny rows at top of tables","result_table_subgroup","Row","1","other",""
"David","28666775","2","Fails and funny rows at top of tables","result_table_subgroup","Row","2","subgroup_level",""
"David","28666775","2","Fails and funny rows at top of tables","result_table_subgroup","Row","3","arms",""
"David","28666775","2","Fails and funny rows at top of tables","result_table_subgroup","Col","1","outcomes",""
"David","28605608","1","","baseline_table","Row","1","arms;measures",""
"David","28605608","1","","baseline_table","Col","1","baseline_level_1",""
"David","28605608","1","","baseline_table","Col","1","baseline_level_2","indented"
"Dagm","28573499","1","Not sure what to label Row 1","baseline_table","Row","1","other",""
"Dagm","28573499","1","Not sure what to label Row 1","baseline_table","Row","2","subgroup_level;p-interaction",""
"Dagm","28573499","1","Not sure what to label Row 1","baseline_table","Col","1","baseline_level_1","empty_row"
"Dagm","28573499","1","Not sure what to label Row 1","baseline_table","Col","1","baseline_level_1",""
"Dagm","28573499","2","","result_table_subgroup","Row","1","subgroup_level;p-interaction",""
"Dagm","28573499","2","","result_table_subgroup","Row","2","arms;measures",""
"Dagm","28573499","2","","result_table_subgroup","Col","1","outcomes",""
"Dagm","28573499","3","","result_table_subgroup","Row","1","subgroup_level",""
"Dagm","28573499","3","","result_table_subgroup","Row","2","arms",""
"Dagm","28573499","3","","result_table_subgroup","Col","1","outcomes",""
"Katherine","28467869 & Supplementary Append","2","","baseline_table","Row","1","arms;measures",""
"Katherine","28467869 & Supplementary Append","2","","baseline_table","Col","1","baseline_level_1",""
"Katherine","28467869 & Supplementary Append","3","","baseline_table","Col","1","baseline_level_1",""
"Katherine","28467869 & Supplementary Append","3","","baseline_table","Row","1","measures;arms",""
"Lili","28386990","1","","result_table_subgroup","Row","1","arms",""
"Lili","28386990","1","","result_table_subgroup","Row","2","subgroup_level",""
"Lili","28386990","1","","result_table_subgroup","Col","1","outcomes",""
"Lili","28386990","1","","result_table_subgroup","Col","2","measures",""
"Peter","28386990","3","","result_table_subgroup","Row","1","arms",""
"Peter","28386990","3","","result_table_subgroup","Row","2","subgroup_level",""
"Peter","28386990","3","","result_table_subgroup","Col","1","outcomes",""
"Peter","28386990","3","","result_table_subgroup","Col","2","time/period;measures",""
"Peter","28386035","1","","result_table_subgroup","Row","1","arms;measures",""
"Peter","28386035","1","","result_table_subgroup","Row","2","measures",""
"Peter","28386035","1","","result_table_subgroup","Col","1","p-interaction;subgroup_name","empty_row_with_p_value"
"Peter","28386035","1","","result_table_subgroup","Col","1","subgroup_level",""
"Lili","28386035","2","","result_table_subgroup","Row","1","other",""
"Lili","28386035","2","","result_table_subgroup","Row","2","arms;p-interaction",""
"Lili","28386035","2","","result_table_subgroup","Col","1","subgroup_name","empty_row_with_p_value"
"Lili","28386035","2","","result_table_subgroup","Col","1","subgroup_level",""
"Lili","28279891","1","","baseline_table","Row","1","arms",""
"Lili","28279891","1","","baseline_table","Row","2","arms",""
"Lili","28279891","1","","baseline_table","Col","1","baseline_level_1","empty_row"
"Lili","28279891","1","","baseline_table","Col","1","baseline_level_2;measures",""
"Peter","28278391","1","Not clear why failing. Will need manual work.","baseline_table","Row","1","subgroup_level",""
"Peter","28278391","1","Not clear why failing. Will need manual work.","baseline_table","Row","2","arms",""
"Peter","28278391","1","Not clear why failing. Will need manual work.","baseline_table","Col","1","baseline_level_1","empty_row"
"Peter","28278391","1","Not clear why failing. Will need manual work.","baseline_table","Col","1","baseline_level_2",""
"Lili","28278391","2","problem with producing","result_table_subgroup","Row","1","measures",""
"Lili","28278391","2","problem with producing","result_table_subgroup","Col","1","subgroup_name","empty_row"
"Lili","28278391","2","problem with producing","result_table_subgroup","Col","1","subgroup_level",""
"David","28237263","2","Fails and funny row at top of table","result_table_subgroup","Row","2","arms;measures;p-interaction",""
"David","28237263","2","Fails and funny row at top of table","result_table_subgroup","Col","1","subgroup_level",""
"David","28237263","2","Fails and funny row at top of table","result_table_subgroup","Row","1","measures",""
"David","28236727","1","","baseline_table","Row","1","arms",""
"David","28236727","1","","baseline_table","Col","1","baseline_level_1","empty_row"
"David","28236727","1","","baseline_table","Col","1","baseline_level_2",""
"Lili","28236727","2","","result_table_subgroup","Row","1","subgroup_level;measures",""
"Lili","28236727","2","","result_table_subgroup","Row","2","arms",""
"Lili","28236727","2","","result_table_subgroup","Col","1","outcomes",""
"David","28231942","2","Outcomes not being pulled across to label data. Outcome spread between two rows. Not sure why this is not happening","result_table_subgroup","Row","1","subgroup_level",""
"David","28231942","2","Outcomes not being pulled across to label data. Outcome spread between two rows. Not sure why this is not happening","result_table_subgroup","Row","2","arms;measures",""
"David","28231942","2","Outcomes not being pulled across to label data. Outcome spread between two rows. Not sure why this is not happening","result_table_subgroup","Row","3","measures",""
"David","28231942","2","Outcomes not being pulled across to label data. Outcome spread between two rows. Not sure why this is not happening","result_table_subgroup","Row","4","measures",""
"David","28231942","2","Outcomes not being pulled across to label data. Outcome spread between two rows. Not sure why this is not happening","result_table_subgroup","Col","1","outcomes",""
"Katherine","27689735 & Supplementary Append","4","","baseline_table","Row","1","measures",""
"Katherine","27689735 & Supplementary Append","4","","baseline_table","Row","2","p-interaction;arms",""
"Katherine","27689735 & Supplementary Append","4","","baseline_table","Col","1","baseline_level_1","empty_row;bold"
"Katherine","27689735 & Supplementary Append","4","","baseline_table","Col","2","baseline_level_2",""
"David","27576774","1","","baseline_table","Row","1","subgroup_level;measures",""
"David","27576774","1","","baseline_table","Row","2","arms",""
"David","27576774","1","","baseline_table","Col","1","baseline_level_1",""
"David","27576774","1","","baseline_table","Col","1","baseline_level_2","indented"
"David","27484756","2","Needed to use bold text, not empty row to distinguish subgroup names and subgroup levels. This worked,","result_table_subgroup","Row","1","other",""
"David","27484756","2","Needed to use bold text, not empty row to distinguish subgroup names and subgroup levels. This worked,","result_table_subgroup","Col","1","subgroup_name","bold"
"David","27484756","2","Needed to use bold text, not empty row to distinguish subgroup names and subgroup levels. This worked,","result_table_subgroup","Col","1","subgroup_level",""
"Lili","27448534","1","","baseline_table","Row","1","subgroup_level;measures",""
"Lili","27448534","1","","baseline_table","Row","2","measures",""
"Lili","27448534","1","","baseline_table","Col","1","baseline_level_1","empty_row"
"Lili","27448534","1","","baseline_table","Col","1","baseline_level_2",""
"David","27448534","2","","baseline_table","Row","1","subgroup_level",""
"David","27448534","2","","baseline_table","Col","1","baseline_level_1","empty_row"
"David","27448534","2","","baseline_table","Col","1","baseline_level_2",""
"David","27418597 & Supplementary Append","1","","baseline_table","Row","1","arms;measures",""
"David","27418597 & Supplementary Append","1","","baseline_table","Col","1","baseline_level_1",""
"David","27418597 & Supplementary Append","1","","baseline_table","Col","1","baseline_level_2","indented"
"Lili","27335114","1","","baseline_table","Row","1","arms",""
"Lili","27335114","1","","baseline_table","Row","2","arms",""
"Lili","27335114","1","","baseline_table","Col","1","baseline_level_1","empty_row"
"Lili","27335114","1","","baseline_table","Col","1","baseline_level_2",""
"David","27144849","2","Rows 1-3 should be a single row. Cant separate subgroup names and levels becuase it gives a statistic in the second last column","result_table_subgroup","Row","1","measures",""
"David","27144849","2","Rows 1-3 should be a single row. Cant separate subgroup names and levels becuase it gives a statistic in the second last column","result_table_subgroup","Row","2","measures",""
"David","27144849","2","Rows 1-3 should be a single row. Cant separate subgroup names and levels becuase it gives a statistic in the second last column","result_table_subgroup","Row","3","measures",""
"David","27144849","2","Rows 1-3 should be a single row. Cant separate subgroup names and levels becuase it gives a statistic in the second last column","result_table_subgroup","Col","1","subgroup_name;subgroup_level",""
"Jo","27046159 & Supplementary Append","2","","result_table_without_subgroup","Row","1","arms;measures",""
"Jo","27046159 & Supplementary Append","2","","result_table_without_subgroup","Row","2","measures",""
"Jo","27046159 & Supplementary Append","2","","result_table_without_subgroup","Col","1","outcomes",""
"Jo","27046159 & Supplementary Append","2","","result_table_without_subgroup","Col","2","measures",""
"Peter","27033025","2","Rows 11, 20 and 29, which contain the p-value for interaction are lost. However, there is sufficient data to estimate the subgroups without these.","result_table_subgroup","Row","1","subgroup_level",""
"Peter","27033025","2","Rows 11, 20 and 29, which contain the p-value for interaction are lost. However, there is sufficient data to estimate the subgroups without these.","result_table_subgroup","Row","2","arms",""
"Peter","27033025","2","Rows 11, 20 and 29, which contain the p-value for interaction are lost. However, there is sufficient data to estimate the subgroups without these.","result_table_subgroup","Col","1","outcomes","empty_row"
"Peter","27033025","2","Rows 11, 20 and 29, which contain the p-value for interaction are lost. However, there is sufficient data to estimate the subgroups without these.","result_table_subgroup","Col","1","measures;time/period",""
"Peter","26994121","1","Note. This table loses P-values and some baseline characteristics information because the central column has P-values","baseline_table","Row","1","subgroup_level;measures",""
"Peter","26994121","1","Note. This table loses P-values and some baseline characteristics information because the central column has P-values","baseline_table","Row","2","arms;measures",""
"Peter","26994121","1","Note. This table loses P-values and some baseline characteristics information because the central column has P-values","baseline_table","Col","1","baseline_level_1","empty_row"
"Peter","26994121","1","Note. This table loses P-values and some baseline characteristics information because the central column has P-values","baseline_table","Col","1","baseline_level_2",""
"David","26886418","2","Not clear why failing seems described perfectly","result_table_subgroup","Row","1","arms;measures;p-interaction",""
"David","26886418","2","Not clear why failing seems described perfectly","result_table_subgroup","Row","2","measures",""
"David","26886418","2","Not clear why failing seems described perfectly","result_table_subgroup","Col","1","subgroup_name","empty_row_with_p_value"
"David","26886418","2","Not clear why failing seems described perfectly","result_table_subgroup","Col","1","subgroup_level",""
"David","26792812 & Supplementary Append","1","","baseline_table","Row","1","arms",""
"David","26792812 & Supplementary Append","1","","baseline_table","Row","2","arms",""
"David","26792812 & Supplementary Append","1","","baseline_table","Col","1","baseline_level_1","empty_row"
"David","26792812 & Supplementary Append","1","","baseline_table","Col","1","baseline_level_2",""
"David","26792812 & Supplementary Append","2","","result_table_subgroup","Row","1","time/period",""
"David","26792812 & Supplementary Append","2","","result_table_subgroup","Row","2","arms",""
"David","26792812 & Supplementary Append","2","","result_table_subgroup","Col","1","subgroup_name","empty_row"
"David","26792812 & Supplementary Append","2","","result_table_subgroup","Col","1","subgroup_level",""
"Lili","26774608","1","","baseline_table","Row","1","arms",""
"Lili","26774608","1","","baseline_table","Col","1","baseline_level_1","empty_row"
"Lili","26774608","1","","baseline_table","Col","1","baseline_level_2",""
"Lili","26774608","2","not sure for this subgroup level","result_table_subgroup","Row","1","arms;measures;p-interaction",""
"Lili","26774608","2","not sure for this subgroup level","result_table_subgroup","Row","2","measures",""
"Lili","26774608","2","not sure for this subgroup level","result_table_subgroup","Col","1","subgroup_name","empty_row"
"Lili","26774608","2","not sure for this subgroup level","result_table_subgroup","Col","1","subgroup_level;outcomes",""
"Lili","26774608","3","","result_table_subgroup","Row","1","measures;p-interaction",""
"Lili","26774608","3","","result_table_subgroup","Row","2","arms",""
"Lili","26774608","3","","result_table_subgroup","Col","1","subgroup_name","empty_row"
"Lili","26774608","3","","result_table_subgroup","Col","1","subgroup_level",""
"David","26762525","2","","result_table_subgroup","Row","1","subgroup_level;p-interaction",""
"David","26762525","2","","result_table_subgroup","Row","2","arms;measures",""
"David","26762525","2","","result_table_subgroup","Col","1","outcomes",""
"Elaine","26762481","2","","result_table_subgroup","Row","1","arms",""
"Elaine","26762481","2","","result_table_subgroup","Row","2","arms;p-interaction",""
"Elaine","26762481","2","","result_table_subgroup","Col","1","outcomes",""
"David","26699168","2","P-value for interaction in unusual place. Means cannot separate subgroup name and subgroup level","result_table_subgroup","Row","1","p-interaction;arms",""
"David","26699168","2","P-value for interaction in unusual place. Means cannot separate subgroup name and subgroup level","result_table_subgroup","Row","2","measures",""
"David","26699168","2","P-value for interaction in unusual place. Means cannot separate subgroup name and subgroup level","result_table_subgroup","Col","1","subgroup_name;subgroup_level",""
"David","26681720","1","Missing header row","baseline_table","Row","1","other",""
"David","26681720","1","Missing header row","baseline_table","Col","1","baseline_level_1",""
"David","26400827","3","Fails and strange as regards rows at top of table.","result_table_subgroup","Row","1","arms;measures;p-interaction",""
"David","26400827","3","Fails and strange as regards rows at top of table.","result_table_subgroup","Col","1","outcomes",""
"David","26400827","3","Fails and strange as regards rows at top of table.","result_table_subgroup","Col","2","subgroup_level",""
"David","26271059","1","","baseline_table","Row","1","arms;measures",""
"David","26271059","1","","baseline_table","Col","1","baseline_level_1",""
"David","26271059","1","","baseline_table","Col","1","baseline_level_2","indented"
"David","26059896","1","All of the first data-row values have been pulled into the header row","result_table_subgroup","Row","1","arms",""
"David","26059896","1","All of the first data-row values have been pulled into the header row","result_table_subgroup","Row","2","measures",""
"David","26059896","1","All of the first data-row values have been pulled into the header row","result_table_subgroup","Col","1","subgroup_name","empty_row_with_p_value"
"David","26059896","1","All of the first data-row values have been pulled into the header row","result_table_subgroup","Col","1","subgroup_level",""
"David","25852208","2","","result_table_subgroup","Row","1","subgroup_level",""
"David","25852208","2","","result_table_subgroup","Row","2","arms",""
"David","25852208","2","","result_table_subgroup","Col","1","outcomes;time/period","empty_row"
"David","25852208","2","","result_table_subgroup","Col","1","measures",""
"jesus","25670362","2","Rows 2 and 3 should be a single row. Column 1 will need to be examined manually","result_table_subgroup","Row","1","measures",""
"jesus","25670362","2","Rows 2 and 3 should be a single row. Column 1 will need to be examined manually","result_table_subgroup","Row","2","measures",""
"jesus","25670362","2","Rows 2 and 3 should be a single row. Column 1 will need to be examined manually","result_table_subgroup","Row","3","measures",""
"jesus","25670362","2","Rows 2 and 3 should be a single row. Column 1 will need to be examined manually","result_table_subgroup","Col","1","subgroup_name","bold;empty_row"
"jesus","25670362","2","Rows 2 and 3 should be a single row. Column 1 will need to be examined manually","result_table_subgroup","Col","1","subgroup_level","indented;empty_row"
"jesus","25670362","2","Rows 2 and 3 should be a single row. Column 1 will need to be examined manually","result_table_subgroup","Col","1","arms","indented"
"David","25670362","3","Consistently fails. Rows 2-4 should be a single row.","result_table_subgroup","Row","1","measures",""
"David","25670362","3","Consistently fails. Rows 2-4 should be a single row.","result_table_subgroup","Row","3","measures",""
"David","25670362","3","Consistently fails. Rows 2-4 should be a single row.","result_table_subgroup","Row","4","measures;arms",""
"David","25670362","3","Consistently fails. Rows 2-4 should be a single row.","result_table_subgroup","Row","2","other",""
"David","25670362","3","Consistently fails. Rows 2-4 should be a single row.","result_table_subgroup","Col","1","subgroup_name",""
"Lili","25657183","1","","baseline_table","Row","1","subgroup_level;measures",""
"Lili","25657183","1","","baseline_table","Col","1","baseline_level_1","empty_row"
"Lili","25657183","1","","baseline_table","Col","1","baseline_level_2",""
"Lili","25657183","2","TACI is lost","result_table_subgroup","Row","1","outcomes","bold"
"Lili","25657183","2","TACI is lost","result_table_subgroup","Row","2","arms;measures",""
"Lili","25657183","2","TACI is lost","result_table_subgroup","Col","1","subgroup_level",""
"David","25637937","1","","baseline_table","Row","1","arms;measures",""
"David","25637937","1","","baseline_table","Col","1","baseline_level_1",""
"David","25637937","1","","baseline_table","Col","1","baseline_level_2","indented"
"David","25637937","2","Row 1 and row 2 wrongly separated","result_table_subgroup","Row","1","measures;p-interaction",""
"David","25637937","2","Row 1 and row 2 wrongly separated","result_table_subgroup","Row","2","measures",""
"David","25637937","2","Row 1 and row 2 wrongly separated","result_table_subgroup","Col","1","subgroup_name",""
"David","25637937","2","Row 1 and row 2 wrongly separated","result_table_subgroup","Col","2","subgroup_level",""
"David","25552421","1","","baseline_table","Row","1","subgroup_level;measures",""
"David","25552421","1","","baseline_table","Col","1","baseline_level_1","empty_row"
"David","25552421","1","","baseline_table","Col","1","baseline_level_2",""
"David","25465417","1","","baseline_table","Row","1","arms;measures",""
"David","25465417","1","","baseline_table","Col","1","baseline_level_1","empty_row"
"David","25465417","1","","baseline_table","Col","1","baseline_level_2",""
"David","25465416","2","","result_table_subgroup","Row","1","measures;arms;p-interaction",""
"David","25465416","2","","result_table_subgroup","Col","1","subgroup_level",""
"David","25406305","1","","baseline_table","Row","1","arms;measures",""
"David","25406305","1","","baseline_table","Col","1","baseline_level_1",""
"David","25406305","2","","result_table_subgroup","Row","1","subgroup_level;measures",""
"David","25406305","2","","result_table_subgroup","Row","2","measures",""
"David","25406305","2","","result_table_subgroup","Row","3","arms;measures",""
"David","25406305","2","","result_table_subgroup","Col","1","outcomes",""
"David","25248764","2","","result_table_subgroup","Row","1","arms;measures;p-interaction",""
"David","25248764","2","","result_table_subgroup","Col","1","subgroup_name","empty_row"
"David","25248764","2","","result_table_subgroup","Col","1","measures",""
"jesus","25189213","1","","result_table_subgroup","Col","1","subgroup_name;subgroup_level",""
"jesus","25189213","1","","result_table_subgroup","Row","1","p-interaction;subgroup_name",""
"David","25189213","2","","result_table_subgroup","Row","1","measures;arms;p-interaction",""
"David","25189213","2","","result_table_subgroup","Col","1","subgroup_name",""
"David","25189213","2","","result_table_subgroup","Col","2","subgroup_level",""
"David","25175921 & Supplementary Append","3","Table fails despite appearing well specified","result_table_subgroup","Row","1","outcomes",""
"David","25175921 & Supplementary Append","3","Table fails despite appearing well specified","result_table_subgroup","Row","2","measures;p-interaction",""
"David","25175921 & Supplementary Append","3","Table fails despite appearing well specified","result_table_subgroup","Row","3","arms",""
"David","25175921 & Supplementary Append","3","Table fails despite appearing well specified","result_table_subgroup","Col","1","subgroup_name","empty_row"
"David","25175921 & Supplementary Append","3","Table fails despite appearing well specified","result_table_subgroup","Col","1","subgroup_level",""
"David","25135178","1","","baseline_table","Row","1","subgroup_name",""
"David","25135178","1","","baseline_table","Row","2","subgroup_level",""
"David","25135178","1","","baseline_table","Col","1","baseline_level_1","empty_row"
"David","25135178","1","","baseline_table","Col","1","baseline_level_2",""
"David","24907147","1","","baseline_table","Row","1","arms",""
"David","24907147","1","","baseline_table","Col","1","baseline_level_1",""
"David","24907147","1","","baseline_table","Col","1","baseline_level_2","indented"
"David","24716680","2","Fails and funny rows at the top of the table","baseline_table","Row","1","arms",""
"David","24716680","2","Fails and funny rows at the top of the table","baseline_table","Col","1","baseline_level_1",""
"David","24716680","3","","result_table_subgroup","Row","1","measures;p-interaction",""
"David","24716680","3","","result_table_subgroup","Col","1","subgroup_name","empty_row"
"David","24716680","3","","result_table_subgroup","Col","1","subgroup_level",""
"David","24281137","1","Fails funny rows at the top of the tables","baseline_table","Row","2","other;measures",""
"David","24281137","1","Fails funny rows at the top of the tables","baseline_table","Col","1","baseline_level_1",""
"David","24281137","1","Fails funny rows at the top of the tables","baseline_table","Row","1","other",""
"David","24281137","2","","baseline_table","Row","1","measures;other",""
"David","24281137","2","","baseline_table","Col","1","baseline_level_1",""
"David","24281137","3","Does not include treatment effects","result_table_without_subgroup","Row","1","subgroup_level",""
"David","24281137","3","Does not include treatment effects","result_table_without_subgroup","Col","1","subgroup_level",""
"David","24253831 & Supplementary Append","1","","baseline_table","Row","1","arms",""
"David","24253831 & Supplementary Append","1","","baseline_table","Col","1","baseline_level_1","empty_row"
"David","24253831 & Supplementary Append","1","","baseline_table","Col","1","baseline_level_2",""
"David","24253831 & Supplementary Append","3","Cannot separate subgroup name from subgroup level because of error in row 2. THe P-value is in column one instead of in the last column","result_table_subgroup","Row","1","measures",""
"David","24253831 & Supplementary Append","3","Cannot separate subgroup name from subgroup level because of error in row 2. THe P-value is in column one instead of in the last column","result_table_subgroup","Col","1","subgroup_name;subgroup_level",""
"David","24247616","3","Problem with table, dont know why not rendering","result_table_subgroup","Row","1","outcomes",""
"David","24247616","3","Problem with table, dont know why not rendering","result_table_subgroup","Col","1","subgroup_level",""
"David","24245566","2","","result_table_subgroup","Row","1","arms;p-interaction",""
"David","24245566","2","","result_table_subgroup","Row","2","measures",""
"David","24245566","2","","result_table_subgroup","Col","1","subgroup_name","empty_row_with_p_value"
"David","24245566","2","","result_table_subgroup","Col","1","subgroup_level",""
"David","24206457","2","Looks like N and hazard ratio are mashed together in column 2, but they are not","result_table_subgroup","Row","1","measures;arms;p-interaction",""
"David","24206457","2","Looks like N and hazard ratio are mashed together in column 2, but they are not","result_table_subgroup","Col","1","subgroup_name","empty_row_with_p_value"
"David","24206457","2","Looks like N and hazard ratio are mashed together in column 2, but they are not","result_table_subgroup","Col","1","subgroup_level",""
"David","24184169","1","","baseline_table","Row","1","arms;measures",""
"David","24184169","1","","baseline_table","Col","1","baseline_level_1","empty_row_with_p_value"
"David","24184169","1","","baseline_table","Col","1","baseline_level_2",""
"Katherine","24063830","1","Broken image, part 1 of 2. See next table","baseline_table","Row","2","arms",""
"Katherine","24063830","1","Broken image, part 1 of 2. See next table","baseline_table","Col","1","baseline_level_1",""
"Katherine","24063830","1","Broken image, part 1 of 2. See next table","baseline_table","Col","1","baseline_level_2","indented"
"Katherine","24063830","1","Broken image, part 1 of 2. See next table","baseline_table","Row","1","time/period",""
"Katherine","24063830","2","Broken image part 2/2. See last table","baseline_table","Row","1","time/period",""
"Katherine","24063830","2","Broken image part 2/2. See last table","baseline_table","Row","2","arms",""
"David","23810874","1","","baseline_table","Row","1","arms;measures",""
"David","23810874","1","","baseline_table","Col","1","baseline_level_1",""
"David","23810874","2","","result_table_without_subgroup","Row","1","arms;measures;time/period",""
"David","23810874","2","","result_table_without_subgroup","Col","1","outcomes",""
"Peter","23473369","2","Not working well. Unclear if some columns have merged. Table will not render","result_table_subgroup","Row","1","measures",""
"Peter","23473369","2","Not working well. Unclear if some columns have merged. Table will not render","result_table_subgroup","Col","1","subgroup_name","empty_row_with_p_value"
"Peter","23473369","2","Not working well. Unclear if some columns have merged. Table will not render","result_table_subgroup","Col","1","subgroup_level",""
"David","23471469","2","Poorly rendered. Lots of blank rows in displayed table. Wont convert","result_table_subgroup","Row","5","subgroup_level",""
"David","23471469","2","Poorly rendered. Lots of blank rows in displayed table. Wont convert","result_table_subgroup","Col","1","arms",""
"David","23471469","2","Poorly rendered. Lots of blank rows in displayed table. Wont convert","result_table_subgroup","Row","1","",""
"David","23471469","2","Poorly rendered. Lots of blank rows in displayed table. Wont convert","result_table_subgroup","Row","2","",""
"David","23471469","2","Poorly rendered. Lots of blank rows in displayed table. Wont convert","result_table_subgroup","Row","3","",""
"David","23471469","2","Poorly rendered. Lots of blank rows in displayed table. Wont convert","result_table_subgroup","Row","4","",""
"David","23465037","2","","result_table_subgroup","Row","2","subgroup_level",""
"David","23465037","2","","result_table_subgroup","Row","3","arms",""
"David","23465037","2","","result_table_subgroup","Col","1","outcomes",""
"jesus","23110471","2","","","Row","1","subgroup_name",""
"jesus","23110471","2","","","Col","1","time/period","empty_row"
"jesus","23110471","2","","","Col","1","arms;measures",""
"David","23040830","1","keeps failing. Dont know why","baseline_table","Row","1","subgroup_level",""
"David","23040830","1","keeps failing. Dont know why","baseline_table","Col","1","baseline_level_1",""
"David","22913891","1","Weird cross tabulation with some of the same variables on rows and columns","baseline_table","Row","1","subgroup_name",""
"David","22913891","1","Weird cross tabulation with some of the same variables on rows and columns","baseline_table","Row","2","subgroup_level",""
"David","22913891","1","Weird cross tabulation with some of the same variables on rows and columns","baseline_table","Col","1","baseline_level_1","bold"
"David","22913891","1","Weird cross tabulation with some of the same variables on rows and columns","baseline_table","Col","1","baseline_level_2",""
"David","22913891","2","","baseline_table","Row","1","subgroup_name",""
"David","22913891","2","","baseline_table","Row","2","subgroup_level",""
"David","22913891","2","","baseline_table","Col","1","baseline_level_1","bold"
"David","22913891","2","","baseline_table","Col","2","baseline_level_2",""
"David","22913891","3","","result_table_subgroup","Row","1","subgroup_name",""
"David","22913891","3","","result_table_subgroup","Row","2","subgroup_level",""
"David","22913891","3","","result_table_subgroup","Col","1","outcomes","bold"
"David","22913891","3","","result_table_subgroup","Col","1","time/period;measures",""
"David","22913891","4","","result_table_subgroup","Row","1","subgroup_name",""
"David","22913891","4","","result_table_subgroup","Row","2","subgroup_level",""
"David","22913891","4","","result_table_subgroup","Col","1","outcomes","bold"
"David","22913891","4","","result_table_subgroup","Col","1","time/period;measures",""
"David","22913891","5","","result_table_subgroup","Row","1","subgroup_name",""
"David","22913891","5","","result_table_subgroup","Row","2","subgroup_level",""
"David","22913891","5","","result_table_subgroup","Col","1","outcomes","bold"
"David","22913891","5","","result_table_subgroup","Col","1","outcomes;time/period;measures",""
"David","22913891","6","","result_table_subgroup","Row","1","subgroup_name",""
"David","22913891","6","","result_table_subgroup","Row","2","subgroup_level",""
"David","22913891","6","","result_table_subgroup","Col","1","outcomes","bold"
"David","22913891","6","","result_table_subgroup","Col","1","outcomes;time/period;measures",""
"David","22799613","1","","result_table_subgroup","Row","1","arms",""
"David","22799613","1","","result_table_subgroup","Row","2","subgroup_level",""
"David","22799613","1","","result_table_subgroup","Col","1","outcomes","empty_row"
"David","22799613","1","","result_table_subgroup","Col","1","outcomes",""
"David","22686416","2","","result_table_subgroup","Row","1","measures;p-interaction;arms",""
"David","22686416","2","","result_table_subgroup","Col","1","subgroup_name;subgroup_level",""
"David","22573644","1","","baseline_table","Row","1","subgroup_level;measures",""
"David","22573644","1","","baseline_table","Col","1","baseline_level_1",""
"David","22573644","2","","result_table_subgroup","Row","2","arms;measures;p-interaction",""
"David","22573644","2","","result_table_subgroup","Col","1","outcomes","bold"
"David","22573644","2","","result_table_subgroup","Col","1","subgroup_level",""
"David","22573644","2","","result_table_subgroup","Row","1","other",""
"David","22544891","2",""Severe or very severe" and "Smoking status" should be on separate rows. the table will not convert properly","result_table_subgroup","Row","1","outcomes",""
"David","22544891","2",""Severe or very severe" and "Smoking status" should be on separate rows. the table will not convert properly","result_table_subgroup","Row","2","other",""
"David","22544891","2",""Severe or very severe" and "Smoking status" should be on separate rows. the table will not convert properly","result_table_subgroup","Col","1","subgroup_level",""
"Dagm","22305835","1","","baseline_table","Row","1","arms",""
"Dagm","22305835","1","","baseline_table","Col","1","baseline_level_1","empty_row"
"Dagm","22259009","1","","baseline_table","Row","1","arms;measures",""
"Dagm","22259009","1","","baseline_table","Col","1","baseline_level_1","empty_row"
"Dagm","22259009","1","","baseline_table","Col","2","baseline_level_2",""
"Dagm","22259009","2","","result_table_subgroup","Row","1","arms",""
"Dagm","22259009","2","","result_table_subgroup","Row","2","measures",""
"Dagm","22259009","2","","result_table_subgroup","Col","1","subgroup_level",""
"Dagm","22248871","1","","baseline_table","Row","1","subgroup_level",""
"Dagm","22248871","1","","baseline_table","Row","2","arms",""
"Dagm","22248871","1","","baseline_table","Col","1","baseline_level_1","empty_row"
"Dagm","22248871","1","","baseline_table","Col","1","baseline_level_2",""
"Dagm","22248871","2","","result_table_subgroup","Row","1","subgroup_level",""
"Dagm","22248871","2","","result_table_subgroup","Row","2","arms",""
"Dagm","22248871","2","","result_table_subgroup","Col","1","outcomes","empty_row"
"Dagm","22248871","2","","result_table_subgroup","Col","1","outcomes",""
"David","22158330","1","Not sure if this has randomised treatment comparisons. Also table failed.","other_table","Row","1","outcomes",""
"David","22158330","1","Not sure if this has randomised treatment comparisons. Also table failed.","other_table","Row","2","measures",""
"David","22158330","1","Not sure if this has randomised treatment comparisons. Also table failed.","other_table","Col","1","subgroup_name",""
"David","22158330","1","Not sure if this has randomised treatment comparisons. Also table failed.","other_table","Col","1","subgroup_level","indented"
"David","21815708","1","Subgroup_level is sex, subgroup_level.y is age group","result_table_subgroup","Col","1","subgroup_level",""
"David","21815708","1","Subgroup_level is sex, subgroup_level.y is age group","result_table_subgroup","Col","2","subgroup_level",""
"David","21815708","1","Subgroup_level is sex, subgroup_level.y is age group","result_table_subgroup","Row","1","measures",""
"David","21815708","1","Subgroup_level is sex, subgroup_level.y is age group","result_table_subgroup","Row","2","arms",""
"David","21815708","2","subgroup_level is sex, subgroup_level.y is age group","result_table_subgroup","Row","1","measures",""
"David","21815708","2","subgroup_level is sex, subgroup_level.y is age group","result_table_subgroup","Row","2","arms",""
"David","21815708","2","subgroup_level is sex, subgroup_level.y is age group","result_table_subgroup","Col","1","subgroup_level","empty_row"
"David","21815708","2","subgroup_level is sex, subgroup_level.y is age group","result_table_subgroup","Col","1","subgroup_level",""
"David","21586508","1","","baseline_table","Row","1","subgroup_level",""
"David","21586508","1","","baseline_table","Col","1","baseline_level_1",""
"David","21545947","1","Table did not render correctly. Top half of table is inside text section","baseline_table","Row","1","",""
"David","21545947","1","Table did not render correctly. Top half of table is inside text section","baseline_table","Col","1","",""
"David","21545947","2","Table unrelated to preview","result_table_subgroup","Col","1","subgroup_level",""
"David","21545947","2","Table unrelated to preview","result_table_subgroup","Row","1","arms;measures",""
"David","21502549","1","Rows 14 and 15 should be collapsed into a single row","baseline_table","Row","1","arms",""
"David","21502549","1","Rows 14 and 15 should be collapsed into a single row","baseline_table","Row","2","measures",""
"David","21502549","1","Rows 14 and 15 should be collapsed into a single row","baseline_table","Col","1","baseline_level_1","empty_row"
"David","21502549","1","Rows 14 and 15 should be collapsed into a single row","baseline_table","Col","1","baseline_level_2",""
"David","21502549","2","","result_table_subgroup","Row","1","arms;measures",""
"David","21502549","2","","result_table_subgroup","Row","2","measures",""
"David","21502549","2","","result_table_subgroup","Col","1","subgroup_level",""
"Katherine","21464051","2","","baseline_table","Row","1","measures;p-interaction",""
"Katherine","21464051","2","","baseline_table","Col","1","baseline_level_1",""
"David","21454723","1","","","Row","1","arms",""
"David","21454723","1","","","Col","1","baseline_level_1","empty_row"
"David","21454723","1","","","Col","1","baseline_level_2",""
"Katherine","21454723","2","","other_table","Row","1","arms;measures",""
"Katherine","21454723","2","","other_table","Col","1","outcomes;measures",""
"David","21428766","1","","baseline_table","Row","1","arms",""
"David","21428766","1","","baseline_table","Col","1","baseline_level_1","indented"
"David","21428766","1","","baseline_table","Col","1","baseline_level_2",""
"David","21428766","2","","result_table_subgroup","Row","1","arms;measures",""
"David","21428766","2","","result_table_subgroup","Col","1","subgroup_name","empty_row_with_p_value"
"David","21428766","2","","result_table_subgroup","Col","1","subgroup_level",""
"Lili","21216833","1","","baseline_table","Row","1","subgroup_level;measures",""
"Lili","21216833","1","","baseline_table","Col","1","baseline_level_1","empty_row"
"Lili","21216833","1","","baseline_table","Col","1","baseline_level_2",""
"Lili","21216833","2","","result_table_subgroup","Row","1","arms;measures;p-interaction",""
"Lili","21216833","2","","result_table_subgroup","Col","1","outcomes","empty_row_with_p_value"
"Lili","21216833","2","","result_table_subgroup","Col","1","subgroup_level",""
"Lili","20979470","1","","baseline_table","Row","1","other",""
"Lili","20979470","1","","baseline_table","Row","2","arms;measures",""
"Lili","20979470","1","","baseline_table","Col","1","baseline_level_1","empty_row"
"Lili","20979470","1","","baseline_table","Col","1","baseline_level_2",""
"Lili","20979470","2","","result_table_subgroup","Row","1","arms;p-interaction",""
"Lili","20979470","2","","result_table_subgroup","Col","1","outcomes","empty_row"
"Lili","20979470","2","","result_table_subgroup","Col","1","subgroup_level",""
"Lili","20979470","3","has problem with producing and it is in the same paper with the last page while the last page can be produced perfectly.","result_table_subgroup","Row","1","arms;p-interaction",""
"Lili","20979470","3","has problem with producing and it is in the same paper with the last page while the last page can be produced perfectly.","result_table_subgroup","Col","1","outcomes","empty_row"
"Lili","20979470","3","has problem with producing and it is in the same paper with the last page while the last page can be produced perfectly.","result_table_subgroup","Col","1","subgroup_level",""
"Lili","20937671","1","","baseline_table","Row","1","arms",""
"Lili","20937671","1","","baseline_table","Col","1","baseline_level_1",""
"Lili","20937671","2","","result_table_subgroup","Row","1","subgroup_level",""
"Lili","20937671","2","","result_table_subgroup","Row","2","arms",""
"Lili","20937671","2","","result_table_subgroup","Col","1","time/period","empty_row"
"Lili","20937671","2","","result_table_subgroup","Col","1","outcomes;measures",""
"Lili","20925534","1","","baseline_table","Row","1","arms",""
"Lili","20925534","1","","baseline_table","Col","1","baseline_level_1","empty_row"
"Lili","20925534","1","","baseline_table","Col","1","baseline_level_2;measures",""
"Lili","20883926","1","NYHA with 3 classcification should be added","baseline_table","Row","1","measures;subgroup_level",""
"Lili","20883926","1","NYHA with 3 classcification should be added","baseline_table","Col","1","baseline_level_1","empty_row"
"Lili","20883926","1","NYHA with 3 classcification should be added","baseline_table","Col","1","baseline_level_2",""
"Lili","20883926","2","hard to differentiate the outcome with subgroup level","result_table_subgroup","Row","1","arms;measures;p-interaction",""
"Lili","20883926","2","hard to differentiate the outcome with subgroup level","result_table_subgroup","Col","1","outcomes;subgroup_level",""
"David","20883926","3","","","Row","1","arms;measures;p-interaction",""
"David","20883926","3","","","Col","1","outcomes","empty_row_with_p_value"
"David","20883926","3","","","Col","1","subgroup_level",""
"David","20883926","3","","","Col","2","outcomes",""
"Lili","20678878","1","","baseline_table","Row","1","arms",""
"Lili","20678878","1","","baseline_table","Col","1","baseline_level_1","empty_row"
"Lili","20678878","1","","baseline_table","Col","1","baseline_level_2",""
"Lili","20678878","2","","result_table_subgroup","Row","1","arms;measures",""
"Lili","20678878","2","","result_table_subgroup","Col","1","outcomes","empty_row"
"Lili","20678878","2","","result_table_subgroup","Col","1","subgroup_level",""
"Lili","20582594","1","1 row mismatch with baseline level 1 and 2","baseline_table","Row","1","arms;measures",""
"Lili","20582594","1","1 row mismatch with baseline level 1 and 2","baseline_table","Col","1","baseline_level_1","empty_row_with_p_value"
"Lili","20582594","1","1 row mismatch with baseline level 1 and 2","baseline_table","Col","1","baseline_level_2",""
"Lili","20582594","2","again, 1 row mismatch in each subgroup","result_table_subgroup","Row","1","arms;measures;p-interaction",""
"Lili","20582594","2","again, 1 row mismatch in each subgroup","result_table_subgroup","Col","1","subgroup_name","empty_row_with_p_value"
"Lili","20582594","2","again, 1 row mismatch in each subgroup","result_table_subgroup","Col","1","subgroup_level",""
"David","20469975","1","","baseline_table","Row","1","arms",""
"David","20469975","1","","baseline_table","Col","1","subgroup_level",""
"David","20393175 & Supplementary Append","2","Table fails. No reason clear why","result_table_subgroup","Row","1","arms;measures",""
"David","20393175 & Supplementary Append","2","Table fails. No reason clear why","result_table_subgroup","Row","2","measures",""
"David","20393175 & Supplementary Append","2","Table fails. No reason clear why","result_table_subgroup","Col","1","subgroup_name","empty_row"
"David","20393175 & Supplementary Append","2","Table fails. No reason clear why","result_table_subgroup","Col","1","subgroup_level",""
"David","20393175 & Supplementary Append","3","Table conversion fails. No apparent reason","result_table_subgroup","Row","1","outcomes",""
"David","20393175 & Supplementary Append","3","Table conversion fails. No apparent reason","result_table_subgroup","Row","2","arms;measures",""
"David","20393175 & Supplementary Append","3","Table conversion fails. No apparent reason","result_table_subgroup","Row","3","measures",""
"David","20393175 & Supplementary Append","3","Table conversion fails. No apparent reason","result_table_subgroup","Col","1","subgroup_name",""
"David","20393175 & Supplementary Append","3","Table conversion fails. No apparent reason","result_table_subgroup","Col","1","subgroup_level",""
"David","20393175 & Supplementary Append","4","","result_table_subgroup","Row","1","outcomes",""
"David","20393175 & Supplementary Append","4","","result_table_subgroup","Row","2","arms;measures",""
"David","20393175 & Supplementary Append","4","","result_table_subgroup","Col","3","measures",""
"David","20393175 & Supplementary Append","4","","result_table_subgroup","Col","1","subgroup_name","empty_row"
"David","20393175 & Supplementary Append","4","","result_table_subgroup","Col","1","subgroup_level",""
"Lili","20385930","2","the results are not as what the table shows, the format of the table is incorrect with its row and col. But this doesn't need to be fixed because the contents in the next page is totally the same and that one is correct.","result_table_subgroup","Row","1","measures;p-interaction",""
"Lili","20385930","2","the results are not as what the table shows, the format of the table is incorrect with its row and col. But this doesn't need to be fixed because the contents in the next page is totally the same and that one is correct.","result_table_subgroup","Col","1","outcomes",""
"Lili","20385930","2","the results are not as what the table shows, the format of the table is incorrect with its row and col. But this doesn't need to be fixed because the contents in the next page is totally the same and that one is correct.","result_table_subgroup","Col","1","subgroup_level","indented"
"Lili","20385930","3","","result_table_subgroup","Row","1","measures;p-interaction",""
"Lili","20385930","3","","result_table_subgroup","Col","1","outcomes",""
"Lili","20385930","3","","result_table_subgroup","Col","1","subgroup_level","indented"
"Lili","19917888","1","the NYHA row was empty with P interaction so it wasn't added with its 3 classfication but it should have been added","baseline_table","Row","1","subgroup_level;measures",""
"Lili","19917888","1","the NYHA row was empty with P interaction so it wasn't added with its 3 classfication but it should have been added","baseline_table","Row","2","arms",""
"Lili","19917888","1","the NYHA row was empty with P interaction so it wasn't added with its 3 classfication but it should have been added","baseline_table","Col","1","baseline_level_1","empty_row"
"Lili","19917888","1","the NYHA row was empty with P interaction so it wasn't added with its 3 classfication but it should have been added","baseline_table","Col","1","baseline_level_2",""
"Lili","19917888","2","","result_table_subgroup","Row","1","arms;measures;p-interaction",""
"Lili","19917888","2","","result_table_subgroup","Col","1","outcomes","empty_row_with_p_value"
"Lili","19917888","2","","result_table_subgroup","Col","1","subgroup_level",""
"Lili","19776408","1","","baseline_table","Row","1","arms;measures",""
"Lili","19776408","1","","baseline_table","Row","2","baseline_level_1",""
"Lili","19776408","1","","baseline_table","Col","1","baseline_level_2",""
"Lili","19776408","2","","result_table_without_subgroup","Row","1","measures",""
"Lili","19776408","2","","result_table_without_subgroup","Col","1","outcomes","empty_row;bold"
"Lili","19776408","2","","result_table_without_subgroup","Col","1","arms",""
"David","19660610","2","Insufficient formatting to distinguish subgroup names and subgroup levels","result_table_subgroup","Row","1","arms",""
"David","19660610","2","Insufficient formatting to distinguish subgroup names and subgroup levels","result_table_subgroup","Row","2","time/period;measures",""
"David","19660610","2","Insufficient formatting to distinguish subgroup names and subgroup levels","result_table_subgroup","Col","1","subgroup_name;subgroup_level",""
"David","19443528","2","I checked paper the ICS versus non-ics IS a randomised comparison. The hazard ratio is for ICS versus non-ICS but is under the ICS heading","result_table_subgroup","Row","1","subgroup_name",""
"David","19443528","2","I checked paper the ICS versus non-ics IS a randomised comparison. The hazard ratio is for ICS versus non-ICS but is under the ICS heading","result_table_subgroup","Row","2","subgroup_level",""
"David","19443528","2","I checked paper the ICS versus non-ics IS a randomised comparison. The hazard ratio is for ICS versus non-ICS but is under the ICS heading","result_table_subgroup","Col","1","arms","empty_row"
"David","19443528","2","I checked paper the ICS versus non-ics IS a randomised comparison. The hazard ratio is for ICS versus non-ICS but is under the ICS heading","result_table_subgroup","Col","1","measures",""
"Elaine","19423108","2","Total mortality and CHD CI outcome lines not empty row whilst others are. Therefore annotator not matching all outcomes with appropriate sublevel.","result_table_subgroup","Row","1","measures;p-interaction;arms",""
"Elaine","19423108","2","Total mortality and CHD CI outcome lines not empty row whilst others are. Therefore annotator not matching all outcomes with appropriate sublevel.","result_table_subgroup","Col","1","outcomes","empty_row"
"Elaine","19423108","2","Total mortality and CHD CI outcome lines not empty row whilst others are. Therefore annotator not matching all outcomes with appropriate sublevel.","result_table_subgroup","Col","2","subgroup_level",""
"Lili","19389561","2","the table information is incomplete so unsure","result_table_subgroup","Row","1","arms;measures",""
"Lili","19389561","2","the table information is incomplete so unsure","result_table_subgroup","Col","1","time/period","empty_row"
"Lili","19389561","2","the table information is incomplete so unsure","result_table_subgroup","Col","1","outcomes;subgroup_level",""
"Lili","19389561","3","","result_table_without_subgroup","Row","1","outcomes",""
"Lili","19389561","3","","result_table_without_subgroup","Col","1","measures",""
"Lili","19380329","1","mismatch in each subgroup","baseline_table","Row","1","other",""
"Lili","19380329","1","mismatch in each subgroup","baseline_table","Row","2","baseline_level_1",""
"Lili","19380329","1","mismatch in each subgroup","baseline_table","Row","3","arms",""
"Lili","19380329","1","mismatch in each subgroup","baseline_table","Row","4","arms",""
"Lili","19380329","1","mismatch in each subgroup","baseline_table","Col","1","subgroup_name","empty_row"
"Lili","19380329","1","mismatch in each subgroup","baseline_table","Col","1","subgroup_level",""
"Lili","19371824","1","","baseline_table","Row","1","measures;subgroup_level",""
"Lili","19371824","1","","baseline_table","Col","1","baseline_level_1","empty_row"
"Lili","19371824","1","","baseline_table","Col","1","baseline_level_2",""
"Lili","19371824","2","This table reports an interaction for ECG changes and baseline-characteristics, not a treatment effect","other_table","Row","1","outcomes",""
"Lili","19371824","2","This table reports an interaction for ECG changes and baseline-characteristics, not a treatment effect","other_table","Row","2","measures;p-interaction",""
"Lili","19371824","2","This table reports an interaction for ECG changes and baseline-characteristics, not a treatment effect","other_table","Col","1","baseline_level_1;baseline_level_2",""
"David","19349325","1","","baseline_table","Row","1","subgroup_level",""
"David","19349325","1","","baseline_table","Row","2","arms",""
"David","19349325","1","","baseline_table","Col","1","baseline_level_1",""
"Lili","19336502","2","","baseline_table","Row","1","arms",""
"Lili","19336502","2","","baseline_table","Col","1","baseline_level_1","empty_row"
"Lili","19336502","2","","baseline_table","Col","1","baseline_level_2",""
"Lili","19336502","3","one row mismatch in each subgroup","result_table_subgroup","Row","1","measures;arms",""
"Lili","19336502","3","one row mismatch in each subgroup","result_table_subgroup","Col","1","subgroup_name","empty_row_with_p_value"
"Lili","19336502","3","one row mismatch in each subgroup","result_table_subgroup","Col","1","subgroup_level",""
"Lili","19336502","4","didn't produce the table","result_table_subgroup","Row","1","arms;measures;p-interaction",""
"Lili","19336502","4","didn't produce the table","result_table_subgroup","Col","1","subgroup_name","empty_row_with_p_value"
"Lili","19336502","4","didn't produce the table","result_table_subgroup","Col","1","subgroup_level",""
"Lili","19332467","1","killip class should be added to connect with II, III, IV","baseline_table","Row","1","arms;measures",""
"Lili","19332467","1","killip class should be added to connect with II, III, IV","baseline_table","Col","1","baseline_level_1","empty_row"
"Lili","19332467","1","killip class should be added to connect with II, III, IV","baseline_table","Col","1","baseline_level_2",""
"Lili","19332467","2","Big problem here! subgroup name and level are mismatched.","result_table_subgroup","Row","1","measures",""
"Lili","19332467","2","Big problem here! subgroup name and level are mismatched.","result_table_subgroup","Row","2","arms",""
"Lili","19332467","2","Big problem here! subgroup name and level are mismatched.","result_table_subgroup","Col","1","subgroup_name","empty_row_with_p_value"
"Lili","19332467","2","Big problem here! subgroup name and level are mismatched.","result_table_subgroup","Col","1","subgroup_level",""
"Lili","19210140","1","","baseline_table","Row","1","arms",""
"Lili","19210140","1","","baseline_table","Row","2","arms",""
"Lili","19210140","1","","baseline_table","Col","1","baseline_level_1","empty_row"
"Lili","19210140","1","","baseline_table","Col","1","measures;baseline_level_2",""
"David","19125778","2","","result_table_subgroup","Row","3","arms",""
"David","19125778","2","","result_table_subgroup","Col","1","subgroup_name","empty_row"
"David","19125778","2","","result_table_subgroup","Col","1","subgroup_level",""
"David","19125778","2","","result_table_subgroup","Row","1","other",""
"David","19125778","2","","result_table_subgroup","Row","2","measures",""
"Lili","19104004","1","","baseline_table","Row","1","subgroup_level",""
"Lili","19104004","1","","baseline_table","Col","1","baseline_level_1",""
"Lili","19104004","2","","baseline_table","Row","1","arms",""
"Lili","19104004","2","","baseline_table","Col","1","baseline_level_1","empty_row"
"Lili","19104004","2","","baseline_table","Col","1","baseline_level_2",""
"Lili","19104004","3","","result_table_subgroup","Row","1","measures",""
"Lili","19104004","3","","result_table_subgroup","Row","2","arms",""
"Lili","19104004","3","","result_table_subgroup","Col","1","subgroup_name","empty_row"
"Lili","19104004","3","","result_table_subgroup","Col","1","subgroup_level",""
"Lili","18926433","2","NYHA class wrongly ascribed to all subgroup l;evels below this point in the table","baseline_table","Row","1","arms",""
"Lili","18926433","2","NYHA class wrongly ascribed to all subgroup l;evels below this point in the table","baseline_table","Row","2","arms",""
"Lili","18926433","2","NYHA class wrongly ascribed to all subgroup l;evels below this point in the table","baseline_table","Col","1","baseline_level_1","empty_row"
"Lili","18926433","2","NYHA class wrongly ascribed to all subgroup l;evels below this point in the table","baseline_table","Col","1","baseline_level_2",""
"David","18836213","3","Fails dont know why","","Row","1","arms;p-interaction",""
"David","18836213","3","Fails dont know why","","Row","2","measures",""
"David","18836213","3","Fails dont know why","","Col","1","subgroup_name","empty_row_with_p_value"
"David","18836213","3","Fails dont know why","","Col","1","subgroup_level",""
"Lili","18823986","1","problem separating baseline level 1 and baseline level2","baseline_table","Row","1","arms",""
"Lili","18823986","1","problem separating baseline level 1 and baseline level2","baseline_table","Col","1","baseline_level_1",""
"Lili","18823986","2","Unable to pull in subgroup name fopr age. Not needed for other subgroups","result_table_subgroup","Row","1","arms;measures",""
"Lili","18823986","2","Unable to pull in subgroup name fopr age. Not needed for other subgroups","result_table_subgroup","Col","1","subgroup_level",""
"David","18753639","2","Table wont convert. Extra cell at top of rows","result_table_subgroup","Row","2","arms;p-interaction",""
"David","18753639","2","Table wont convert. Extra cell at top of rows","result_table_subgroup","Row","3","measures",""
"David","18753639","2","Table wont convert. Extra cell at top of rows","result_table_subgroup","Col","1","subgroup_name","empty_row_with_p_value"
"David","18753639","2","Table wont convert. Extra cell at top of rows","result_table_subgroup","Col","1","subgroup_level",""
"David","18753639","2","Table wont convert. Extra cell at top of rows","result_table_subgroup","Row","1","other",""
"David","18753639","3","I dont know why this fails","result_table_subgroup","Row","1","arms;p-interaction",""
"David","18753639","3","I dont know why this fails","result_table_subgroup","Col","1","subgroup_name","indented"
"David","18753639","3","I dont know why this fails","result_table_subgroup","Col","1","subgroup_level",""
"Lili","18674411","1","","baseline_table","Row","1","other",""
"Lili","18674411","1","","baseline_table","Row","2","arms",""
"Lili","18674411","1","","baseline_table","Col","1","baseline_level_1","empty_row"
"Lili","18674411","1","","baseline_table","Col","1","baseline_level_2;measures",""
"Lili","18674411","2","","result_table_subgroup","Row","1","subgroup_level",""
"Lili","18674411","2","","result_table_subgroup","Row","2","outcomes",""
"Lili","18674411","2","","result_table_subgroup","Row","3","arms",""
"Lili","18674411","2","","result_table_subgroup","Col","1","outcomes","empty_row"
"Lili","18674411","2","","result_table_subgroup","Col","1","measures",""
"David","18667204","1","","baseline_table","Row","1","arms;measures",""
"David","18667204","1","","baseline_table","Col","1","baseline_level_1","empty_row"
"David","18667204","1","","baseline_table","Col","1","baseline_level_2",""
"David","18539916","1","This table includes end of follow-up data, but not by subgroup","result_table_without_subgroup","Row","1","time/period",""
"David","18539916","1","This table includes end of follow-up data, but not by subgroup","result_table_without_subgroup","Row","2","arms",""
"David","18539916","1","This table includes end of follow-up data, but not by subgroup","result_table_without_subgroup","Row","3","measures",""
"David","18539916","1","This table includes end of follow-up data, but not by subgroup","result_table_without_subgroup","Col","1","baseline_level_1;outcomes","empty_row"
"David","18539916","1","This table includes end of follow-up data, but not by subgroup","result_table_without_subgroup","Col","1","measures",""
"David","18537526","2","","","Row","1","arms;measures",""
"David","18537526","2","","","Row","2","measures",""
"David","18537526","2","","","Col","1","subgroup_name",""
"David","18537526","2","","","Col","2","subgroup_level",""
"David","18499565","1","Table malformed will need to fix manually","baseline_table","Row","1","arms",""
"David","18499565","1","Table malformed will need to fix manually","baseline_table","Col","1","baseline_level_1",""
"David","18499565","1","Table malformed will need to fix manually","baseline_table","Col","1","baseline_level_2","indented"
"David","18499565","2","Table not propoerly converted from pdf","result_table_subgroup","Row","1","arms;measures",""
"David","18499565","2","Table not propoerly converted from pdf","result_table_subgroup","Col","1","subgroup_name",""
"David","18326958","2","","result_table_subgroup","Row","1","arms",""
"David","18326958","2","","result_table_subgroup","Row","2","outcomes",""
"David","18326958","2","","result_table_subgroup","Row","3","measures",""
"David","18326958","2","","result_table_subgroup","Row","4","measures",""
"David","18326958","2","","result_table_subgroup","Row","5","measures",""
"David","18326958","2","","result_table_subgroup","Col","1","time/period","empty_row"
"David","18326958","2","","result_table_subgroup","Col","1","subgroup_level",""
"David","18172039","1","","baseline_table","Row","1","subgroup_level",""
"David","18172039","1","","baseline_table","Row","2","arms",""
"David","18172039","1","","baseline_table","Col","1","baseline_level_1","empty_row"
"David","18172039","1","","baseline_table","Col","1","baseline_level_2",""
"David","18172039","2","Table malformed. Need to re-extract from pdf. Outcome mixed in with subgroup","result_table_subgroup","Row","1","measures;p-interaction",""
"David","18172039","2","Table malformed. Need to re-extract from pdf. Outcome mixed in with subgroup","result_table_subgroup","Col","1","outcomes;subgroup_level",""
"Lili","18172039","3","","result_table_subgroup","Row","1","measures",""
"Lili","18172039","3","","result_table_subgroup","Row","2","arms",""
"Lili","18172039","3","","result_table_subgroup","Col","1","outcomes","empty_row"
"Lili","18172039","3","","result_table_subgroup","Col","1","subgroup_level",""
"David","18094675","2","","result_table_subgroup","Row","1","arms;measures",""
"David","18094675","2","","result_table_subgroup","Row","2","measures",""
"David","18094675","2","","result_table_subgroup","Col","1","subgroup_name","itallic"
"David","18094675","2","","result_table_subgroup","Col","1","subgroup_level",""
"David","18094675","4","","result_table_subgroup","Row","1","arms;measures",""
"David","18094675","4","","result_table_subgroup","Col","1","subgroup_level",""
"David","18032739","1","","baseline_table","Row","1","subgroup_level",""
"David","18032739","1","","baseline_table","Row","2","arms",""
"David","18032739","1","","baseline_table","Col","1","baseline_level_1",""
"David","18032739","1","","baseline_table","Col","1","baseline_level_2","indented"
"David","17965424","1","","","Row","1","arms",""
"David","17965424","1","","","Col","1","baseline_level_1","empty_row"
"David","17965424","1","","","Col","1","baseline_level_2",""
"David","17965424","2","No row of any kind. Need to re-write code to accomodate this","result_table_subgroup","Col","1","subgroup_name","empty_row"
"David","17965424","2","No row of any kind. Need to re-write code to accomodate this","result_table_subgroup","Col","1","subgroup_level",""
"David","17804843","1","","baseline_table","Row","1","subgroup_level",""
"David","17804843","1","","baseline_table","Row","2","arms",""
"David","17804843","1","","baseline_table","Col","1","baseline_level_1","empty_row"
"David","17804843","1","","baseline_table","Col","1","baseline_level_2",""
"David","17804843","2","","result_table_subgroup","Row","1","measures;p-interaction",""
"David","17804843","2","","result_table_subgroup","Col","1","subgroup_name","empty_row_with_p_value"
"David","17804843","2","","result_table_subgroup","Col","1","subgroup_level",""
"David","17470824","2","","result_table_subgroup","Row","1","arms",""
"David","17470824","2","","result_table_subgroup","Col","1","outcomes",""
"David","17470824","2","","result_table_subgroup","Col","1","subgroup_level","indented"
"David","17470434","2","","result_table_subgroup","Col","1","subgroup_name;subgroup_level",""
"David","17470434","2","","result_table_subgroup","Row","1","outcomes",""
"David","17470434","2","","result_table_subgroup","Row","2","arms",""
"David","17456819","1","Problem identifying baseline level 1","baseline_table","Row","1","arms",""
"David","17456819","1","Problem identifying baseline level 1","baseline_table","Col","1","baseline_level_1",""
"David","17456819","1","Problem identifying baseline level 1","baseline_table","Col","1","baseline_level_2","indented"
"Lili","17292766","1","Arms seemed wrong","baseline_table","Row","1","arms","bold"
"Lili","17292766","1","Arms seemed wrong","baseline_table","Col","1","baseline_level_1",""
"Lili","17292766","2","","result_table_subgroup","Row","1","arms;measures",""
"Lili","17292766","2","","result_table_subgroup","Row","2","measures",""
"Lili","17292766","2","","result_table_subgroup","Col","1","outcomes","bold;empty_row"
"Lili","17292766","2","","result_table_subgroup","Col","1","subgroup_name","empty_row"
"Lili","17292766","2","","result_table_subgroup","Col","1","subgroup_level",""
"Lili","17292766","3","","result_table_subgroup","Row","1","arms;measures",""
"Lili","17292766","3","","result_table_subgroup","Row","2","measures",""
"Lili","17292766","3","","result_table_subgroup","Col","1","outcomes","bold"
"Lili","17292766","3","","result_table_subgroup","Col","1","subgroup_level",""
"David","17292766","4","","","Row","1","arms;measures",""
"David","17292766","4","","","Row","2","measures",""
"David","17292766","4","","","Col","1","subgroup_name","empty_row"
"David","17292766","4","","","Col","1","subgroup_level",""
"David","17145742","2","Doesn't work as incorrect empty rows","","Row","1","other",""
"David","17145742","2","Doesn't work as incorrect empty rows","","Row","2","p-interaction",""
"David","17145742","2","Doesn't work as incorrect empty rows","","Col","1","subgroup_name","empty_row"
"David","17145742","2","Doesn't work as incorrect empty rows","","Col","1","subgroup_level",""
"Lili","17113426","1","","baseline_table","Row","1","arms",""
"Lili","17113426","1","","baseline_table","Col","1","baseline_level_1",""
"Lili","17113426","1","","baseline_table","Col","1","baseline_level_2","indented"
"David","17113426","2","","result_table_subgroup","Row","1","measures;arms",""
"David","17113426","2","","result_table_subgroup","Row","2","measures",""
"David","17113426","2","","result_table_subgroup","Col","1","subgroup_level",""
"David","17097378","1","","subgroup_table","Row","1","arms",""
"David","17097378","1","","subgroup_table","Col","1","baseline_level_1",""
"David","17097378","1","","subgroup_table","Col","1","baseline_level_2","indented"
"David","17065671","1","","baseline_table","Row","1","subgroup_level;measures",""
"David","17065671","1","","baseline_table","Row","2","arms",""
"David","17065671","1","","baseline_table","Col","1","baseline_level_1","empty_row"
"David","17065671","1","","baseline_table","Col","1","baseline_level_2",""
"Lili","17065671","2","","result_table_subgroup","Row","1","arms;measures;p-interaction",""
"Lili","17065671","2","","result_table_subgroup","Col","1","outcomes","empty_row"
"Lili","17065671","2","","result_table_subgroup","Col","1","subgroup_level;measures",""
"David","17022864","2","","baseline_table","Row","1","subgroup_level",""
"David","17022864","2","","baseline_table","Row","2","arms",""
"David","17022864","2","","baseline_table","Col","1","baseline_level_1","empty_row"
"David","17022864","2","","baseline_table","Col","1","baseline_level_2",""
"David","17022864","3","Some of the rows with outcome varaibles are confused, eg HDL","result_table_without_subgroup","Row","1","arms",""
"David","17022864","3","Some of the rows with outcome varaibles are confused, eg HDL","result_table_without_subgroup","Col","1","outcomes",""
"David","17022864","3","Some of the rows with outcome varaibles are confused, eg HDL","result_table_without_subgroup","Col","1","time/period;measures","indented"
"David","17011942","1","","baseline_table","Row","1","arms",""
"David","17011942","1","","baseline_table","Col","1","baseline_level_1",""
"David","17011942","2","Note algorithm does not copy down column 1 to populate subgroup name (as it would have had it been in the same column)","result_table_subgroup","Col","1","subgroup_name",""
"David","17011942","2","Note algorithm does not copy down column 1 to populate subgroup name (as it would have had it been in the same column)","result_table_subgroup","Col","2","subgroup_level",""
"David","17011942","2","Note algorithm does not copy down column 1 to populate subgroup name (as it would have had it been in the same column)","result_table_subgroup","Row","1","measures;p-interaction",""
"David","16537662","1","","baseline_table","Row","1","arms",""
"David","16537662","1","","baseline_table","Col","1","baseline_level_1","empty_row"
"David","16537662","1","","baseline_table","Col","1","baseline_level_2",""
"David","16537662","2","","result_table_subgroup","Row","1","measures",""
"David","16537662","2","","result_table_subgroup","Col","1","subgroup_name",""
"David","16537662","2","","result_table_subgroup","Col","1","subgroup_level","indented"
"David","16380589","1","","baseline_table","Row","1","arms;measures",""
"David","16380589","1","","baseline_table","Row","2","other",""
"David","16380589","1","","baseline_table","Col","1","baseline_level_1",""
"David","16380589","1","","baseline_table","Col","2","baseline_level_2","indented"
"David","16380589","2","Table not working. Funny rows at the top","result_table_subgroup","Row","1","measures",""
"David","16380589","2","Table not working. Funny rows at the top","result_table_subgroup","Row","2","arms",""
"David","16380589","2","Table not working. Funny rows at the top","result_table_subgroup","Col","1","subgroup_level",""
"David","16351668","2","labels only. No data","","Col","1","subgroup_name",""
"David","16267322","1","Rows 1 and rows 2 are incorrect. ENACT-2 Trial should be in row 1","baseline_table","Row","1","other",""
"David","16267322","1","Rows 1 and rows 2 are incorrect. ENACT-2 Trial should be in row 1","baseline_table","Row","2","arms",""
"David","16267322","1","Rows 1 and rows 2 are incorrect. ENACT-2 Trial should be in row 1","baseline_table","Col","1","baseline_level_1",""
"David","15998891","1","Insufficient formatting to separate subgroup names and subgroup levels","baseline_table","Row","1","measures",""
"David","15998891","1","Insufficient formatting to separate subgroup names and subgroup levels","baseline_table","Row","2","arms",""
"David","15998891","1","Insufficient formatting to separate subgroup names and subgroup levels","baseline_table","Col","1","subgroup_name;subgroup_level",""
"David","15998891","2","Unable to separate subgroup anmes and labels becuase of insufficient formatting","result_table_subgroup","Row","1","outcomes",""
"David","15998891","2","Unable to separate subgroup anmes and labels becuase of insufficient formatting","result_table_subgroup","Row","2","measures",""
"David","15998891","2","Unable to separate subgroup anmes and labels becuase of insufficient formatting","result_table_subgroup","Row","3","arms;measures",""
"David","15998891","2","Unable to separate subgroup anmes and labels becuase of insufficient formatting","result_table_subgroup","Col","1","subgroup_name;subgroup_level",""
"David","15998890","2","Empty row with p-value should separate the subgroup names and subgroup levels. It does not for some reason","result_table_subgroup","Row","1","measures;p-interaction",""
"David","15998890","2","Empty row with p-value should separate the subgroup names and subgroup levels. It does not for some reason","result_table_subgroup","Row","2","arms",""
"David","15998890","2","Empty row with p-value should separate the subgroup names and subgroup levels. It does not for some reason","result_table_subgroup","Col","1","subgroup_name","empty_row_with_p_value"
"David","15998890","2","Empty row with p-value should separate the subgroup names and subgroup levels. It does not for some reason","result_table_subgroup","Col","1","subgroup_level",""
"David","15451146","1","","baseline_table","Row","1","subgroup_level",""
"David","15451146","1","","baseline_table","Row","2","arms",""
"David","15451146","1","","baseline_table","Col","1","baseline_level_1","empty_row"
"David","15451146","1","","baseline_table","Col","1","baseline_level_2",""
"David","15451146","2","Columns 2 and 3, which has one of the arms, has dropped off","result_table_subgroup","Row","1","arms",""
"David","15451146","2","Columns 2 and 3, which has one of the arms, has dropped off","result_table_subgroup","Row","2","measures",""
"David","15451146","2","Columns 2 and 3, which has one of the arms, has dropped off","result_table_subgroup","Col","1","subgroup_name;subgroup_level",""
"David","15381674","1","","","Row","1","other;measures",""
"David","15381674","1","","","Row","2","arms",""
"David","15381674","1","","","Col","1","baseline_level_1",""
"David","15381674","1","","","Col","1","baseline_level_2","indented"
"David","15337732","1","","baseline_table","Row","1","arms;measures",""
"David","15337732","1","","baseline_table","Col","1","baseline_level_1","empty_row"
"David","15337732","1","","baseline_table","Col","1","baseline_level_2",""
"David","15337732","2","","result_table_subgroup","Row","1","outcomes",""
"David","15337732","2","","result_table_subgroup","Row","2","arms",""
"David","15337732","2","","result_table_subgroup","Col","1","subgroup_name","empty_row"
"David","15337732","2","","result_table_subgroup","Col","1","subgroup_level",""
"David","15051694","1","","baseline_table","Row","1","measures",""
"David","15051694","1","","baseline_table","Row","2","subgroup_name",""
"David","15051694","1","","baseline_table","Col","1","baseline_level_1","empty_row"
"David","15051694","1","","baseline_table","Col","1","baseline_level_2",""
"David","14724302","1","","baseline_table","Row","1","arms",""
"David","14724302","1","","baseline_table","Col","1","baseline_level_1",""
"David","14724302","2","","result_table_subgroup","Row","1","arms",""
"David","14724302","2","","result_table_subgroup","Col","1","subgroup_name","empty_row"
"David","14724302","2","","result_table_subgroup","Col","1","subgroup_level",""
"David","13679479","2","This does not appear to be a treatment effect estimate table. Also table processing fails for some unknown reason.","other_table","Row","1","outcomes",""
"David","13679479","2","This does not appear to be a treatment effect estimate table. Also table processing fails for some unknown reason.","other_table","Col","1","other",""
"David","12601075","1","","baseline_table","Row","1","arms;measures",""
"David","12601075","1","","baseline_table","Col","1","baseline_level_1","indented"
"David","12601075","1","","baseline_table","Col","1","baseline_level_2",""
"David","12601075","2","","result_table_subgroup","Row","1","arms;measures;p-interaction",""
"David","12601075","2","","result_table_subgroup","Row","2","measures",""
"David","12601075","2","","result_table_subgroup","Col","1","subgroup_name","indented"
"David","12601075","2","","result_table_subgroup","Col","1","subgroup_level",""
"David","11918909","1","","baseline_table","Row","1","arms",""
"David","11918909","1","","baseline_table","Col","1","baseline_level_1","empty_row"
"David","11918909","1","","baseline_table","Col","1","baseline_level_2",""
